frame,leader_x,leader_y,f1_x,f1_y,f2_x,f2_y,f3_x,f3_y,f4_x,f4_y
0,-1.7508864e-07,1.2129021e-08,-2.9802322e-08,-1.4999999,-1.8626451e-08,1.4999999,-5.5879354e-08,-3.0,1.1175871e-08,3.0000002
1,0.0035256017,3.306268e-07,0.0035274494,-1.5,0.0035253093,1.4999995,0.003526261,-2.999999,0.003526493,3.000001
2,0.007049596,-2.2816894e-06,0.007049462,-1.5000027,0.0070496583,1.4999963,0.007048876,-3.0000017,0.007047056,3.0
3,0.01059412,-7.678616e-06,0.010593414,-1.500008,0.0105926655,1.4999907,0.010591695,-3.0000048,0.010592203,2.9999957
4,0.014124529,-7.946663e-06,0.014124444,-1.500008,0.014121588,1.4999901,0.014124673,-3.0000043,0.014123466,2.9999945
5,0.017667716,-8.039846e-06,0.017677432,-1.5000101,0.017669016,1.4999884,0.017654907,-3.0000055,0.017681131,2.9999952
6,0.021191968,-8.847819e-06,0.021202043,-1.5000106,0.02119312,1.4999871,0.021183219,-3.0000057,0.021204753,2.9999938
7,0.024718907,-1.0442076e-05,0.024727073,-1.5000119,0.024717377,1.4999843,0.024707086,-3.0000072,0.024730489,2.9999921
8,0.028260913,-1.5213998e-05,0.028268531,-1.5000162,0.028256431,1.4999784,0.028249456,-3.0000117,0.02827248,2.9999866
9,0.031792417,-1.5439196e-05,0.031799562,-1.500016,0.03179006,1.4999801,0.031784028,-3.0000112,0.031804994,2.9999876
10,0.035344463,-1.6580074e-05,0.035310227,-1.5000186,0.035343185,1.4999775,0.03532422,-3.0000117,0.035359796,2.9999862
11,0.038539592,-0.00011862596,0.052784905,-1.494626,0.038050845,1.4998535,0.038844742,-3.0000129,0.038833585,2.9996107
12,0.04029762,0.00014906145,0.05710233,-1.494504,0.039032035,1.4998803,0.042398803,-3.0000105,0.040145025,3.001601
13,0.042695496,-0.00011189701,0.059752952,-1.4945596,0.03856743,1.5004895,0.04594376,-3.0000095,0.040799946,3.0029967
14,0.04548605,-0.00071870047,-0.17302439,-1.9823506,0.0381392,1.501199,0.049483478,-3.0000086,0.04264751,3.0033224
15,0.04812786,-0.001320601,-0.75882536,-2.4878547,0.038619146,1.5016413,0.053005382,-3.0000093,0.04524728,3.0035083
16,0.050621465,-0.0019162842,-1.0968314,-2.745614,0.03958177,1.5022281,0.05652506,-3.0000186,0.14182252,3.0539474
17,0.052968048,-0.002505111,-1.4664526,-2.93206,0.040146213,1.5035052,0.060137026,-3.0000184,-10.786385,-28.71047
18,0.055168506,-0.0030886102,-1.790243,-3.233153,0.28005153,1.4463098,0.063735016,-2.9999151,-22.22352,-58.970806
19,0.057577524,-0.003144593,-2.185241,-3.414138,0.4630817,1.3370141,0.06691959,-2.999503,-165.93614,-14.093979
20,0.06047192,-0.0032713679,-2.4953563,-3.720443,0.5595901,1.3367853,0.070120424,-2.9994662,-383.84915,51.942444
21,0.06392427,-0.003452476,-2.8153236,-3.977695,0.80031073,1.3211515,0.07306132,-2.9993742,2147483600.0,-0.05755549
22,0.06743221,-0.0035919591,-3.2514343,-4.1879945,0.9661589,1.179849,0.035501987,-2.929853,nan,nan
23,0.07126393,-0.0035830217,-3.5469549,-4.5019636,1.0575533,1.1766919,0.36216044,-3.2416196,nan,nan
24,0.07470724,-0.0037863415,-3.9414854,-4.690455,1.296514,1.1605997,0.4835459,-4.016928,nan,nan
25,0.0780283,-0.0042008986,-4.2933254,-4.9620013,1.4166756,1.0455517,0.45973456,-4.978807,nan,nan
26,0.0795441,-0.004405246,-4.5643215,-5.252297,1.5602214,1.0900464,0.63273835,-5.5376663,nan,nan
27,0.08276797,-0.0046335873,-4.948213,-5.4469624,1.8089038,1.0203527,0.64842165,-6.332534,nan,nan
28,0.08603246,-0.0047702887,-5.375578,-5.6792927,1.9433796,0.88211924,0.25728762,-6.863793,nan,nan
29,0.08930725,-0.004855644,-5.6827826,-6.0044494,2.0402932,0.88274276,-0.0034527406,-7.3610024,nan,nan
30,0.09296434,-0.0049008876,-6.02782,-6.2340784,2.272984,0.88693565,-0.3623373,-7.8593063,nan,nan
31,0.096874855,-0.004977411,-6.4314556,-6.4672446,2.4357498,0.76086104,-0.6715576,-8.483305,nan,nan
32,0.09955992,-0.0040022545,-6.710976,-6.768942,2.547982,0.7749743,-0.92686456,-8.964695,nan,nan
33,0.09990021,-0.004031133,-7.061638,-6.968187,2.7894814,0.74622357,-1.2777355,-9.405068,nan,nan
34,0.100093715,-0.0040465645,-7.486006,-7.169828,2.9490957,0.60784346,-1.6510807,-10.002318,nan,nan
35,0.10033852,-0.0038193846,-7.8394127,-7.475815,3.0278838,0.56000614,-1.9206133,-10.526985,nan,nan
36,0.10147628,-0.0037798136,-8.14268,-7.7780066,3.1932168,0.60399264,-2.2668803,-10.995529,nan,nan
37,0.104546495,-0.0036075152,-8.538271,-7.9802403,3.4458606,0.55624294,-2.5893788,-11.60902,nan,nan
38,0.108513616,-0.00365094,-8.907756,-8.24926,3.5949154,0.42941898,-2.8370376,-12.099346,nan,nan
39,0.11150083,-0.0038209725,-9.200068,-8.533646,3.7087314,0.43187872,-3.1677542,-12.539909,nan,nan
40,0.11475283,-0.00406316,-9.580474,-8.717728,3.9423423,0.40528423,-3.5539606,-13.104718,nan,nan
41,0.11787173,-0.0042558615,-9.978445,-8.937724,4.094445,0.27645767,-3.863056,-13.687945,nan,nan
42,0.12142899,-0.004306685,-10.301342,-9.244464,4.176585,0.24491818,-4.153807,-14.13902,nan,nan
43,0.12491074,-0.0043551936,-10.603991,-9.54199,4.346512,0.28496677,-4.5201154,-14.679032,nan,nan
44,0.1279697,-0.004514403,-10.988222,-9.755514,4.595345,0.24590072,-4.8061166,-15.256553,nan,nan
45,0.12916742,-0.0045033754,-11.396918,-9.981961,4.7724533,0.12120768,-5.0767694,-15.705085,nan,nan
46,0.10159971,-0.0134438295,-11.712689,-10.285741,4.872276,0.08392526,-5.4277163,-16.19831,nan,nan
47,0.10887571,-0.0058558583,-12.051119,-10.521615,5.070915,0.097282685,-5.7858515,-16.796429,nan,nan
48,0.21661891,0.012540087,-12.454411,-10.716017,5.275313,-0.009133533,-6.0809546,-17.362858,nan,nan
49,0.17210862,0.16253251,-12.799212,-10.987699,5.370247,-0.08896155,-6.3696604,-17.81345,nan,nan
50,0.33127207,0.1766548,-13.091225,-11.29376,5.4945436,-0.06652585,-6.72801,-18.307123,nan,nan
51,0.27200037,0.17186444,-13.428173,-11.548781,5.713899,-0.06104228,-7.0589337,-18.89907,nan,nan
52,0.33686227,0.29017702,-13.842484,-11.7597065,5.9445634,-0.15232544,-7.3296914,-19.385841,nan,nan
53,0.37649098,0.2508804,-14.227859,-12.020186,6.088058,-0.27113798,-7.658131,-19.85627,nan,nan
54,0.3561712,0.35064468,-14.53332,-12.317972,6.1891675,-0.2956098,-8.010941,-20.437109,nan,nan
55,0.4893419,0.37613416,-14.8915615,-12.542017,6.377838,-0.27793542,-8.316532,-21.02843,nan,nan
56,0.4987019,0.32403523,-15.294344,-12.753294,6.5930014,-0.36396483,-8.5982275,-21.519728,nan,nan
57,0.4398073,0.39658403,-15.626588,-13.02973,6.706949,-0.45374906,-8.931054,-21.968533,nan,nan
58,0.5258689,0.51041394,-15.915015,-13.318234,6.826517,-0.44232324,-9.2967,-22.518929,nan,nan
59,0.6125547,0.4849168,-16.249495,-13.559846,7.0348887,-0.4361023,-9.597046,-23.090014,nan,nan
60,0.5654388,0.5278485,-16.657867,-13.769127,7.2643833,-0.51644444,-9.885521,-23.55197,nan,nan
61,0.66321,0.60774606,-17.06596,-14.014272,7.428313,-0.6369124,-10.232738,-24.05291,nan,nan
62,0.70907825,0.55733067,-17.39551,-14.313532,7.5365143,-0.69084156,-10.567278,-24.646557,nan,nan
63,0.6492679,0.59637713,-17.709005,-14.583443,7.693529,-0.6721144,-10.8502035,-25.217352,nan,nan
64,0.6909399,0.71670336,-18.099512,-14.794142,7.916435,-0.713005,-11.128052,-25.696674,nan,nan
65,0.8140617,0.751256,-18.48195,-15.038287,8.077023,-0.8222313,-11.461231,-26.145355,nan,nan
66,0.81980056,0.72759,-18.787037,-15.326582,8.180488,-0.8564302,-11.834116,-26.675116,nan,nan
67,0.8025435,0.81533283,-19.085457,-15.590459,8.344002,-0.8349148,-12.161774,-27.264727,nan,nan
68,0.91252184,0.85618424,-19.448183,-15.808898,8.564976,-0.8675893,-12.442072,-27.772846,nan,nan
69,0.9138053,0.8218528,-19.865337,-16.025747,8.765186,-0.9730272,-12.769351,-28.23813,nan,nan
70,0.8750086,0.8915475,-20.257603,-16.294798,8.901118,-1.0806404,-13.120852,-28.796381,nan,nan
71,0.9517588,0.98704153,-20.57825,-16.59693,9.010818,-1.1152357,-13.420607,-29.386818,nan,nan
72,1.0660799,0.99714875,-20.90291,-16.85023,9.1737995,-1.0947282,-13.68738,-29.906126,nan,nan
73,1.0762699,0.9713436,-21.297594,-17.060991,9.394873,-1.1248151,-13.986298,-30.35893,nan,nan
74,1.0323344,1.0355889,-21.67661,-17.316051,9.573647,-1.2285011,-14.34598,-30.835253,nan,nan
75,1.1030741,1.1282063,-21.984697,-17.605316,9.686076,-1.2852476,-14.713801,-31.39667,nan,nan
76,0.0,0.0,0.0,-1.5,0.0,1.5,0.0,-3.0,0.0,3.0
77,0.0,0.0,0.0,-1.5,0.0,1.5,0.0,-3.0,0.0,3.0
78,0.0,0.0,0.0,-1.5,0.0,1.5,0.0,-3.0,0.0,3.0
79,0.0,0.0,0.0,-1.5,0.0,1.5,0.0,-3.0,0.0,3.0
80,0.0,0.0,0.0,-1.5,0.0,1.5,0.0,-3.0,0.0,3.0
81,0.0,0.0,0.0,-1.5,0.0,1.5,0.0,-3.0,0.0,3.0
82,0.0,0.0,0.0,-1.5,0.0,1.5,0.0,-3.0,0.0,3.0
83,0.0,0.0,0.0,-1.5,0.0,1.5,0.0,-3.0,0.0,3.0
84,0.0,0.0,0.0,-1.5,0.0,1.5,0.0,-3.0,0.0,3.0
85,0.0,0.0,0.0,-1.5,0.0,1.5,0.0,-3.0,0.0,3.0
86,0.0,0.0,0.0,-1.5,0.0,1.5,0.0,-3.0,0.0,3.0
87,0.0,0.0,0.0,-1.5,0.0,1.5,0.0,-3.0,0.0,3.0
88,0.0,0.0,0.0,-1.5,0.0,1.5,0.0,-3.0,0.0,3.0
89,0.0,0.0,0.0,-1.5,0.0,1.5,0.0,-3.0,0.0,3.0
90,0.0,0.0,0.0,-1.5,0.0,1.5,0.0,-3.0,0.0,3.0
91,0.0,0.0,0.0,-1.5,0.0,1.5,0.0,-3.0,0.0,3.0
92,0.0,0.0,0.0,-1.5,0.0,1.5,0.0,-3.0,0.0,3.0
93,0.0,0.0,0.0,-1.5,0.0,1.5,0.0,-3.0,0.0,3.0
94,0.0,0.0,0.0,-1.5,0.0,1.5,0.0,-3.0,0.0,3.0
95,0.0,0.0,0.0,-1.5,0.0,1.5,0.0,-3.0,0.0,3.0
96,0.0,0.0,0.0,-1.5,0.0,1.5,0.0,-3.0,0.0,3.0
97,0.0,0.0,0.0,-1.5,0.0,1.5,0.0,-3.0,0.0,3.0
98,3.3527613e-08,-1.7334241e-07,-4.284084e-08,-1.5000001,3.1664968e-08,1.4999998,-5.401671e-08,-3.0000002,-3.9115548e-08,3.0
99,0.0035299528,-3.2257958e-07,0.0035286853,-1.5000002,0.0035310844,1.4999999,0.003531525,-2.9999993,0.003529055,3.0
100,0.00705716,-1.5959304e-06,0.0070557166,-1.5000002,0.007054434,1.4999983,0.0070553143,-3.0000002,0.007057216,3.0
101,0.010604896,-1.3177996e-06,0.010604788,-1.5000015,0.010604513,1.4999986,0.010605043,-3.0000012,0.010606816,3.0000005
102,0.014133127,-1.1058e-06,0.014134219,-1.4999996,0.014132334,1.4999977,0.014133621,-3.0000012,0.014135409,3.0000014
103,0.017677587,-1.7634302e-06,0.017657781,-1.5000006,0.01766317,1.5000018,0.017635658,-2.9999983,0.017642122,3.0000024
104,0.021190925,-3.3433462e-06,0.021177145,-1.5000018,0.021185514,1.5000001,0.021162998,-2.9999986,0.02116396,2.999999
105,0.024735402,-2.1035012e-06,0.02473151,-1.4999993,0.024720693,1.5000006,0.024690019,-2.9999993,0.024700783,3.0000045
106,0.028309923,-2.2133463e-07,0.028263528,-1.4999987,0.028261896,1.5000015,0.028240891,-2.9999986,0.028221168,3.0000067
107,0.03184197,-6.191112e-08,0.03178966,-1.4999977,0.031799436,1.500003,0.031772226,-3.0000005,0.03176776,3.0000074
108,0.035371087,-1.1992015e-06,0.035337083,-1.4999963,0.035340354,1.5000001,0.03532609,-2.9999995,0.035344362,3.0000072
109,0.03891226,-1.6991471e-06,0.03887663,-1.4999954,0.03886038,1.4999955,0.03884907,-2.9999993,0.03888691,3.0000079
110,0.042459253,-3.032983e-07,0.042419128,-1.4999931,0.042405307,1.4999956,0.04237989,-2.9999988,0.042406686,3.0000062
111,0.04600049,-1.3568715e-06,0.04594055,-1.4999934,0.045996368,1.4999969,0.04592564,-2.9999976,0.045951672,3.000007
112,0.04952413,-4.1249295e-06,0.049486328,-1.4999925,0.049531937,1.4999946,0.0494551,-2.999997,0.049532223,3.0000086
113,0.053045575,-7.613933e-06,0.053022627,-1.499993,0.05302219,1.4999912,0.053001054,-2.9999957,0.053061396,3.0000072
114,0.056595966,-5.3783297e-06,0.0565672,-1.4999906,0.056565218,1.4999927,0.056521073,-2.9999967,0.056577433,3.0000083
115,0.060125962,-4.329435e-06,0.060063466,-1.4999889,0.060119882,1.4999899,0.06006574,-2.999995,0.06012169,3.0000093
116,0.06364513,-7.678769e-06,0.06360389,-1.4999878,0.06366066,1.4999931,0.063657686,-2.999994,0.06367935,3.0000076
117,0.067189544,-8.397437e-06,0.06717988,-1.4999864,0.06717727,1.4999919,0.06719823,-2.999995,0.06721596,3.0000103
118,0.07076847,-8.029281e-06,0.070717074,-1.4999856,0.07071551,1.4999945,0.07071963,-2.9999971,0.070739105,3.0000103
119,0.07431111,-6.828035e-06,0.07424064,-1.4999863,0.07429389,1.4999934,0.07426731,-2.9999952,0.07428416,3.0000124
120,0.077829786,-7.682938e-06,0.07778641,-1.4999875,0.07783544,1.4999949,0.0778504,-2.9999952,0.0778398,3.0000126
121,0.08137501,-7.4490454e-06,0.08135056,-1.4999852,0.08135497,1.499992,0.081392124,-2.999994,0.081383705,3.000014
122,0.08495949,-6.7549117e-06,0.0848931,-1.4999851,0.08490249,1.4999926,0.08491359,-2.9999948,0.0849037,3.0000122
123,0.088499814,-5.4078337e-06,0.08841514,-1.4999868,0.08848834,1.4999948,0.08845775,-2.999994,0.08844753,3.0000117
124,0.09202113,-7.392846e-06,0.091958836,-1.4999901,0.092032455,1.499992,0.09204644,-2.9999917,0.09202703,3.0000114
125,0.09556247,-6.5483327e-06,0.09553251,-1.4999896,0.09555362,1.4999888,0.095587686,-2.9999933,0.09556854,3.0000129
126,0.09914935,-5.8446094e-06,0.09907435,-1.4999906,0.099098496,1.4999866,0.09910864,-2.9999974,0.09908709,3.0000112
127,0.10269031,-3.8821454e-06,0.1025954,-1.4999933,0.102667294,1.4999857,0.10265583,-3.000003,0.10263306,3.0000117
128,0.10620847,-4.7756475e-06,0.1061401,-1.4999932,0.10620704,1.4999878,0.106212944,-3.0000021,0.1062128,3.0000138
129,0.10975355,-4.871021e-06,0.109716594,-1.4999931,0.109726146,1.4999857,0.109756835,-3.0000012,0.10975876,3.0000114
130,0.113326676,-4.315516e-06,0.11326047,-1.4999919,0.11327514,1.4999864,0.11327734,-3.0000002,0.113278344,3.0000079
131,0.1168665,-3.4718832e-06,0.11678086,-1.4999921,0.11685591,1.4999883,0.11682303,-3.0000005,0.11682367,3.000007
132,0.12038805,-5.234855e-06,0.12032374,-1.4999909,0.12040002,1.4999856,0.12039309,-3.0000007,0.12039952,3.0000088
133,0.12393037,-4.885631e-06,0.12391218,-1.49999,0.12392086,1.4999831,0.12393689,-3.0000002,0.12394157,3.0000057
134,0.12751713,-4.830239e-06,0.12745377,-1.4999907,0.12746575,1.499982,0.12745605,-3.0000029,0.12746656,3.0000012
135,0.13104157,-1.9147374e-06,0.13096926,-1.4999919,0.13102761,1.4999827,0.13100408,-3.0000024,0.13099511,2.9999971
136,0.13456619,1.4371108e-06,0.1345157,-1.4999906,0.1345616,1.4999837,0.13459355,-3.0000021,0.1345684,2.9999998
137,0.13809325,5.094931e-06,0.13809827,-1.499991,0.13808654,1.4999818,0.1381323,-3.000002,0.13810901,2.9999974
138,0.14166172,3.6382553e-06,0.1416414,-1.4999886,0.14163329,1.4999776,0.14165558,-3.000005,0.1416302,2.9999933
139,0.14520311,3.9179868e-06,0.1451593,-1.4999901,0.14517723,1.4999728,0.14520091,-3.0000055,0.14517102,2.9999874
140,0.1487279,5.94584e-07,0.14870591,-1.4999894,0.14871897,1.4999782,0.14878426,-3.000005,0.14873913,2.9999883
141,0.15228002,-1.4166799e-06,0.15227869,-1.4999883,0.15223688,1.4999825,0.1523258,-3.0000043,0.15228108,2.9999876
142,0.15581666,-1.7693019e-06,0.15582232,-1.4999872,0.15578395,1.4999831,0.15584649,-3.0000055,0.15579993,2.9999843
143,0.15939656,1.1219308e-06,0.1593428,-1.4999887,0.1593385,1.4999832,0.15939353,-3.0000043,0.15934934,2.9999852
144,0.16292964,5.1382085e-07,0.16288875,-1.4999874,0.16288225,1.4999851,0.16297825,-3.0000036,0.1629227,2.9999845
145,0.16644973,6.698465e-07,0.16646978,-1.4999876,0.1663992,1.4999827,0.16651815,-3.0000029,0.16646694,2.9999866
146,0.16999723,2.4590627e-06,0.17000924,-1.4999869,0.16995001,1.499983,0.17003903,-3.0000048,0.16998191,2.999985
147,0.17355904,2.2787717e-06,0.17352785,-1.4999881,0.17353448,1.4999847,0.1735827,-3.0000043,0.17352879,2.9999838
148,0.17710315,3.0158844e-06,0.17707682,-1.499988,0.17707421,1.499983,0.17717081,-3.000004,0.1771225,2.9999838
149,0.18062103,1.6744598e-06,0.18066618,-1.4999874,0.18059668,1.4999788,0.18071166,-3.0000038,0.18066084,2.9999845
150,0.18416749,1.5998739e-06,0.18420976,-1.4999869,0.1841423,1.4999782,0.18423276,-3.0000052,0.184183,2.999982
151,0.18775994,2.1710512e-06,0.18772857,-1.4999882,0.18772015,1.4999782,0.18777956,-3.000005,0.18772787,2.9999826
152,0.1913037,3.9614824e-06,0.19127633,-1.4999871,0.1912638,1.4999788,0.19136865,-3.000004,0.19131833,2.9999843
153,0.19482183,3.1645395e-06,0.19486284,-1.4999857,0.19478497,1.4999784,0.19490832,-3.0000048,0.1948597,2.9999807
154,0.1983715,3.556961e-06,0.19840145,-1.4999853,0.19832781,1.4999781,0.1984318,-3.0000072,0.19838345,2.9999762
155,0.20195745,5.429938e-06,0.20192298,-1.4999884,0.20191829,1.4999782,0.20197372,-3.0000076,0.20193054,2.9999766
156,0.20549524,5.247799e-06,0.20547046,-1.4999882,0.20545946,1.4999799,0.20556216,-3.0000067,0.20550728,2.9999757
157,0.20902,2.9215007e-06,0.20903064,-1.4999881,0.20897819,1.4999765,0.20910354,-3.0000079,0.20904921,2.9999774
158,0.21256305,1.490931e-06,0.2125763,-1.4999874,0.21252558,1.4999769,0.21262172,-3.0000098,0.21256872,2.9999769
159,0.21614082,2.2783424e-06,0.21609592,-1.4999881,0.21610288,1.4999788,0.21616867,-3.0000098,0.21611026,2.999976
160,0.21968417,2.0614025e-06,0.21964122,-1.4999868,0.21964765,1.4999762,0.2197435,-3.0000079,0.21969779,2.999977
161,0.2232074,9.970681e-07,0.2232308,-1.4999859,0.22316825,1.4999732,0.22328821,-3.0000105,0.22324036,2.9999752
162,0.22674944,1.9324361e-06,0.22677097,-1.499986,0.22670968,1.4999727,0.22680277,-3.0000134,0.22676201,2.9999726
163,0.23034897,4.1179665e-06,0.23029205,-1.499988,0.23030855,1.499975,0.23035198,-3.0000122,0.23030417,2.9999723
164,0.23389025,8.40977e-07,0.2338378,-1.4999877,0.23384768,1.4999725,0.23392865,-3.0000107,0.23389046,2.9999738
165,0.23740986,-3.4005352e-06,0.2374212,-1.499986,0.23736617,1.4999689,0.23747411,-3.0000088,0.23742852,2.9999738
166,0.24095437,-3.1847085e-06,0.24096484,-1.499988,0.24091393,1.4999677,0.24099027,-3.0000093,0.24094704,2.9999714
167,0.24453115,-9.694049e-07,0.24448185,-1.4999905,0.24446839,1.4999669,0.24453355,-3.000009,0.24450105,2.9999726
168,0.24807218,-3.6081474e-06,0.2480313,-1.4999896,0.24800836,1.4999682,0.24811868,-3.0000083,0.24806726,2.9999726
169,0.25159162,-7.5741045e-06,0.25162134,-1.49999,0.2515282,1.4999671,0.25165468,-3.0000072,0.25161085,2.9999745
170,0.25513718,-7.015864e-06,0.25515917,-1.4999884,0.2550751,1.499967,0.25517663,-3.0000088,0.25513232,2.999974
171,0.2587161,-6.08353e-06,0.25867796,-1.4999906,0.2586393,1.499968,0.25872535,-3.0000083,0.25867152,2.9999728
172,0.26225975,-4.4456174e-06,0.2622259,-1.4999899,0.26218173,1.4999685,0.26231095,-3.0000079,0.26226246,2.999973
173,0.2657738,-6.0992097e-06,0.2658164,-1.4999895,0.26570114,1.4999671,0.26585495,-3.000007,0.2658035,2.999971
174,0.26932064,-6.137452e-06,0.26935706,-1.4999895,0.26924738,1.499967,0.2693689,-3.0000083,0.26932463,2.9999669
175,0.27290925,-5.030517e-06,0.27288103,-1.4999909,0.27283654,1.4999683,0.2729167,-3.0000074,0.27286896,2.9999666
176,0.27644718,-5.370355e-06,0.27642485,-1.49999,0.2763764,1.499967,0.2765101,-3.0000055,0.2764471,2.9999683
177,0.27997085,-7.715033e-06,0.280013,-1.4999882,0.27990046,1.4999638,0.28005365,-3.000006,0.2799913,2.9999669
178,0.28351438,-7.747978e-06,0.28355616,-1.4999899,0.28344464,1.4999638,0.28357145,-3.0000088,0.28350988,2.9999635
179,0.28709006,-6.0290913e-06,0.2870748,-1.4999921,0.28703442,1.4999653,0.2871211,-3.0000064,0.28705755,2.999963
180,0.2906335,-7.867864e-06,0.29061884,-1.499991,0.29057658,1.4999645,0.29069725,-3.000005,0.2906454,2.9999647
181,0.29415542,-1.0003532e-05,0.2942083,-1.4999901,0.29409546,1.4999617,0.29424033,-3.000006,0.2941894,2.9999623
182,0.29770076,-1.1682299e-05,0.2977479,-1.499989,0.2976436,1.4999619,0.2977601,-3.0000079,0.29770824,2.9999585
183,0.30127797,-1.0881813e-05,0.30127102,-1.4999899,0.30122566,1.4999633,0.30130482,-3.0000076,0.3012557,2.9999588
184,0.30481595,-1.1068718e-05,0.3048133,-1.4999925,0.30476817,1.4999632,0.3048915,-3.0000052,0.30484062,2.9999607
185,0.3083384,-1.3735647e-05,0.30838352,-1.4999925,0.3082892,1.4999611,0.3084319,-3.000005,0.30838048,2.999957
186,0.31188494,-1.49638e-05,0.31192693,-1.4999937,0.31183353,1.4999616,0.31195417,-3.000008,0.3119023,2.999952
187,0.31545746,-1.325069e-05,0.31544942,-1.4999962,0.31541878,1.4999632,0.31549925,-3.0000074,0.31544948,2.999952
188,0.31900024,-1.4265541e-05,0.3189936,-1.500001,0.31896046,1.4999626,0.3190721,-3.0000062,0.31901482,2.999951
189,0.32252,-1.6329337e-05,0.32257473,-1.4999964,0.32248095,1.4999598,0.3226138,-3.000007,0.32255873,2.9999528
190,0.3260648,-1.6309205e-05,0.3261176,-1.5000021,0.32602748,1.4999601,0.3261362,-3.0000093,0.32607985,2.999952
191,0.32965186,-1.4507241e-05,0.32963604,-1.5000058,0.32960314,1.4999617,0.32968065,-3.000015,0.32962328,2.9999514
192,0.33319286,-1.5560734e-05,0.33318126,-1.5000106,0.33314735,1.499961,0.33325592,-3.00001,0.33320892,2.999951
193,0.33671483,-1.8607541e-05,0.33673045,-1.5000134,0.33666646,1.4999588,0.33679816,-3.0000162,0.33675247,2.9999483
194,0.34026042,-1.8707047e-05,0.34027666,-1.5000076,0.3402133,1.499959,0.34031525,-3.0000207,0.3402719,2.9999447
195,0.34384173,-1.7041006e-05,0.3437945,-1.5000055,0.3437994,1.4999609,0.34386522,-3.0000176,0.34381992,2.999945
196,0.34738323,-1.8624509e-05,0.34734225,-1.500005,0.34734112,1.4999602,0.34742278,-3.000019,0.347402,2.9999456
197,0.3509056,-2.1668253e-05,0.35090718,-1.5000039,0.35086238,1.4999573,0.35096782,-3.0000181,0.35094252,2.999945
198,0.3544503,-2.1755557e-05,0.35444948,-1.500004,0.35440728,1.4999574,0.35448828,-3.0000184,0.3544645,2.999942
199,0.35803318,-1.94979e-05,0.35797226,-1.5000048,0.3579938,1.4999601,0.3580305,-3.0000188,0.35800985,2.9999394
200,0.36157438,-2.1973377e-05,0.3615143,-1.5000058,0.36153656,1.4999576,0.36162508,-3.000017,0.3615841,2.99994
201,0.3650957,-2.5362315e-05,0.36510324,-1.5000031,0.3650573,1.4999546,0.36516467,-3.000019,0.36512768,2.9999375
202,0.36864197,-2.5022033e-05,0.36864248,-1.5000062,0.3686031,1.4999543,0.3686839,-3.0000231,0.36864752,2.9999342
203,0.37222415,-2.274305e-05,0.37216657,-1.5000099,0.37218332,1.4999568,0.37223193,-3.0000226,0.37219444,2.9999342
204,0.3757669,-2.5068868e-05,0.37571052,-1.5000154,0.37572744,1.4999561,0.37580094,-3.0000205,0.37577647,2.9999356
205,0.37928736,-2.8029346e-05,0.37927797,-1.5000122,0.37924713,1.4999537,0.37934443,-3.0000207,0.379321,2.9999337
206,0.3828356,-2.6322501e-05,0.38281912,-1.5000166,0.3827931,1.4999546,0.38286638,-3.0000222,0.38284075,2.9999306
207,0.3864157,-2.5416957e-05,0.38634256,-1.50002,0.38637388,1.4999558,0.38640922,-3.0000267,0.38638756,2.9999309
208,0.38995782,-2.609563e-05,0.38988692,-1.500024,0.38991675,1.4999548,0.38998744,-3.0000253,0.3899724,2.999933
209,0.39348006,-2.7082235e-05,0.39344147,-1.5000265,0.39343828,1.4999528,0.39352915,-3.0000267,0.3935144,2.9999304
210,0.39702415,-2.6275127e-05,0.39698836,-1.5000206,0.3969836,1.4999532,0.39705276,-3.0000296,0.3970358,2.9999266
211,0.4006115,-2.5690199e-05,0.40050507,-1.5000182,0.4005623,1.4999554,0.4005977,-3.000035,0.40058106,2.9999235
212,0.40414962,-2.4137953e-05,0.40405515,-1.5000169,0.40410456,1.4999537,0.40417123,-3.000034,0.4041606,2.9999232
213,0.40767044,-2.6338072e-05,0.40761715,-1.5000173,0.40762517,1.4999505,0.40771332,-3.0000355,0.40770376,2.9999206
214,0.41121978,-2.5428111e-05,0.41116244,-1.5000162,0.41117075,1.4999514,0.4112342,-3.0000346,0.4112246,2.9999175
215,0.41479304,-2.3352892e-05,0.4146824,-1.5000168,0.41474947,1.4999541,0.41477868,-3.0000331,0.41476944,2.999917
216,0.41833675,-2.5446941e-05,0.4182245,-1.5000174,0.41829258,1.4999516,0.4183624,-3.0000298,0.4183454,2.9999182
217,0.42185715,-2.7936148e-05,0.42182112,-1.5000148,0.42181382,1.4999484,0.42190453,-3.0000308,0.42189062,2.9999163
218,0.4254013,-2.7213435e-05,0.42536053,-1.5000175,0.4253605,1.4999475,0.42542344,-3.0000336,0.42540947,2.9999132
219,0.42898872,-2.6952817e-05,0.4288843,-1.5000215,0.42893267,1.4999471,0.42897153,-3.000033,0.42895627,2.9999135
220,0.43252936,-2.456562e-05,0.43242833,-1.5000271,0.43247512,1.4999495,0.4325479,-3.000031,0.4325435,2.9999146
221,0.43604863,-2.6580645e-05,0.43599403,-1.5000235,0.4359953,1.4999492,0.43609062,-3.0000312,0.43608615,2.9999125
222,0.43959698,-2.5321991e-05,0.43953612,-1.5000298,0.4395402,1.4999487,0.43961316,-3.0000334,0.439607,2.9999092
223,0.44317618,-2.3524764e-05,0.44305566,-1.5000353,0.44312394,1.4999493,0.4431564,-3.0000384,0.44315222,2.9999087
224,0.4467185,-2.3749199e-05,0.44660085,-1.5000387,0.44666588,1.4999486,0.44673625,-3.0000339,0.4467295,2.9999104
225,0.45023844,-2.5653171e-05,0.4501552,-1.5000396,0.45018783,1.499946,0.45027822,-3.0000396,0.45027342,2.9999077
226,0.4537843,-2.5859663e-05,0.45370317,-1.5000358,0.4537346,1.499941,0.45379984,-3.0000436,0.45379382,2.9999042
227,0.4573654,-2.3621076e-05,0.45722052,-1.5000335,0.4573036,1.4999415,0.45734292,-3.0000486,0.4573393,2.9999032
228,0.46090668,-2.587225e-05,0.4607692,-1.5000318,0.46084994,1.499941,0.46090627,-3.0000465,0.46091947,2.999905
229,0.46443057,-2.830517e-05,0.4643452,-1.5000297,0.46436995,1.4999384,0.46444905,-3.0000498,0.46446362,2.9999042
230,0.46797284,-2.966269e-05,0.4678874,-1.5000312,0.46791524,1.499939,0.46797267,-3.0000541,0.46798408,2.9999013
231,0.47155312,-2.8043403e-05,0.4714102,-1.5000336,0.47150305,1.4999415,0.47151682,-3.0000598,0.47153008,2.9999013
232,0.47509342,-2.8313516e-05,0.47495618,-1.5000386,0.47504503,1.4999387,0.47507805,-3.000058,0.47511145,2.9999032
233,0.47861803,-2.8885188e-05,0.47853,-1.5000358,0.47856635,1.4999347,0.47862077,-3.0000615,0.47865576,2.9999008
234,0.4821622,-3.1058073e-05,0.48207122,-1.5000404,0.4821147,1.4999291,0.48214343,-3.0000646,0.48217687,2.999897
235,0.485745,-2.5863388e-05,0.48559207,-1.5000439,0.48567405,1.4999263,0.48568785,-3.00007,0.48572198,2.9998958
236,0.4892851,-3.1462456e-05,0.48913932,-1.5000416,0.48921832,1.4999303,0.48925027,-3.0000699,0.4893005,2.9998977
237,0.49280578,-3.5481455e-05,0.4926997,-1.500042,0.49273747,1.499933,0.4927898,-3.0000715,0.4928448,2.999895
238,0.4963529,-3.383145e-05,0.49624434,-1.50004,0.49628404,1.4999348,0.49631557,-3.0000718,0.49636528,2.9998915
239,0.4999113,-3.358699e-05,0.499765,-1.5000407,0.49986458,1.4999354,0.4998598,-3.0000732,0.49991116,2.999892
240,0.5034544,-3.1896096e-05,0.5033092,-1.5000398,0.5034069,1.4999366,0.50342417,-3.0000715,0.50349426,2.999894
241,0.5069739,-3.3572956e-05,0.5069004,-1.5000374,0.5069274,1.4999356,0.5069658,-3.0000713,0.5070376,2.9998927
242,0.510522,-3.229826e-05,0.5104413,-1.5000396,0.5104726,1.4999353,0.5104889,-3.000073,0.51055825,2.9998903
243,0.51410574,-2.9866998e-05,0.51396406,-1.5000429,0.51405454,1.499937,0.51403135,-3.0000768,0.5141042,2.99989
244,0.5176483,-3.158133e-05,0.51751125,-1.5000421,0.51759803,1.4999363,0.517609,-3.0000763,0.5176828,2.999892
245,0.52117306,-3.3312637e-05,0.5210812,-1.5000421,0.52111846,1.4999335,0.52115047,-3.000079,0.5212271,2.9998903
246,0.5247154,-3.7203747e-05,0.5246251,-1.5000414,0.52466494,1.4999305,0.524674,-3.0000823,0.5247472,2.9998875
247,0.5282937,-3.2453783e-05,0.5281473,-1.5000414,0.52823704,1.4999315,0.52821743,-3.0000877,0.5282927,2.999888
248,0.5318356,-3.7973266e-05,0.5316905,-1.500041,0.5317807,1.4999299,0.53179514,-3.0000827,0.53187525,2.9998896
249,0.5353544,-4.1173953e-05,0.53528166,-1.5000387,0.5353019,1.4999275,0.5353369,-3.0000885,0.53541875,2.9998863
250,0.5389034,-3.7728e-05,0.5388213,-1.5000412,0.5388485,1.499927,0.53885627,-3.0000923,0.5389399,2.9998827
251,0.5424664,-3.6990845e-05,0.54234505,-1.5000443,0.54242194,1.4999286,0.5424012,-3.0000963,0.5424868,2.9998767
252,0.54600924,-3.6617217e-05,0.5458893,-1.5000502,0.545966,1.4999281,0.54595923,-3.0000968,0.54605794,2.9998777
253,0.5495314,-3.7492355e-05,0.5494573,-1.5000459,0.54948765,1.4999257,0.549504,-3.0000951,0.54960114,2.999875
254,0.5530736,-4.1223244e-05,0.5529986,-1.5000519,0.55303305,1.4999254,0.5530236,-3.0000966,0.55312175,2.9998727
255,0.5566562,-4.0775958e-05,0.55651647,-1.5000552,0.55661094,1.4999273,0.55656993,-3.0000963,0.5566682,2.9998717
256,0.5601975,-4.1669122e-05,0.5600659,-1.5000529,0.5601537,1.4999262,0.560146,-3.0000968,0.56024146,2.9998736
257,0.5637208,-4.37429e-05,0.5636233,-1.5000532,0.56367517,1.499924,0.5636888,-3.0000956,0.5637845,2.9998717
258,0.56726557,-4.8813086e-05,0.5671669,-1.5000513,0.56722206,1.4999198,0.5672102,-3.0000966,0.56730574,2.9998686
259,0.57084274,-4.471902e-05,0.57068706,-1.5000515,0.57079655,1.4999201,0.5707536,-3.000097,0.5708517,2.9998674
260,0.5743846,-5.020371e-05,0.5742298,-1.5000515,0.5743411,1.4999185,0.5743472,-3.0000944,0.5744256,2.999869
261,0.5779032,-5.363987e-05,0.57782096,-1.5000508,0.57786244,1.4999155,0.5778879,-3.000098,0.57796884,2.9998674
262,0.5814511,-5.11985e-05,0.58136237,-1.5000528,0.58140856,1.4999131,0.58141094,-3.0001018,0.58149064,2.9998634
263,0.5850129,-5.0397794e-05,0.5848831,-1.5000557,0.5849854,1.4999149,0.58495533,-3.0001068,0.58503574,2.999861
264,0.5885563,-5.0418137e-05,0.58843035,-1.5000563,0.5885281,1.4999142,0.5885238,-3.0001035,0.58861464,2.9998617
265,0.59207845,-5.0736126e-05,0.5919918,-1.5000541,0.5920502,1.4999114,0.59206605,-3.0001097,0.5921583,2.9998589
266,0.5956234,-4.9491435e-05,0.5955356,-1.5000553,0.59559596,1.4999102,0.59558487,-3.0001144,0.59567887,2.9998555
267,0.5992102,-4.7232235e-05,0.5990588,-1.5000573,0.59916866,1.4999125,0.5991335,-3.000113,0.59922457,2.9998558
268,0.6027501,-4.9531838e-05,0.6026032,-1.5000596,0.60271275,1.499911,0.60269135,-3.000114,0.6028041,2.9998586
269,0.6062713,-5.2783755e-05,0.60617864,-1.5000546,0.6062334,1.4999092,0.6062361,-3.0001123,0.60634714,2.999857
270,0.6098179,-5.262856e-05,0.60972136,-1.5000596,0.6097805,1.4999106,0.6097575,-3.0001125,0.6098686,2.999854
271,0.6133875,-5.022045e-05,0.6132417,-1.5000633,0.61336124,1.4999127,0.6132997,-3.0001142,0.6134142,2.9998543
272,0.6169312,-5.1792755e-05,0.61678976,-1.5000604,0.616905,1.4999118,0.61689496,-3.0001125,0.61699504,2.9998567
273,0.6204516,-5.4226704e-05,0.6203498,-1.5000608,0.62042665,1.4999094,0.6204348,-3.0001156,0.6205396,2.9998546
274,0.6239977,-5.3608564e-05,0.6238948,-1.50006,0.62397355,1.4999073,0.62395513,-3.0001202,0.62406,2.999851
275,0.6275862,-5.066384e-05,0.6274139,-1.500061,0.6275454,1.4999086,0.62750345,-3.0001194,0.6276059,2.9998512
276,0.63112605,-5.29284e-05,0.63095766,-1.5000618,0.63108736,1.4999086,0.63106775,-3.0001173,0.6311848,2.9998531
277,0.6346511,-5.6536297e-05,0.63455135,-1.5000589,0.6346098,1.4999062,0.63461244,-3.0001183,0.63472897,2.999851
278,0.6381942,-6.217485e-05,0.6380916,-1.5000618,0.6381549,1.4999022,0.63813466,-3.0001202,0.6382496,2.9998474
279,0.6417633,-5.7633086e-05,0.6416156,-1.5000654,0.64173186,1.4999031,0.64167887,-3.0001247,0.6417952,2.9998477
280,0.6453055,-6.292407e-05,0.6451616,-1.5000699,0.6452732,1.4999013,0.6452566,-3.0001202,0.6453792,2.9998498
281,0.64882714,-6.5987435e-05,0.6487256,-1.5000722,0.6487947,1.4998987,0.648799,-3.0001261,0.6489237,2.999847
282,0.65237194,-6.85255e-05,0.6522675,-1.5000689,0.6523398,1.4998978,0.65231735,-3.0001297,0.6524441,2.9998426
283,0.65593374,-7.095025e-05,0.6557885,-1.5000669,0.6559184,1.4999003,0.65586364,-3.0001333,0.65599006,2.9998422
284,0.6594793,-6.5402775e-05,0.65933293,-1.5000663,0.6594605,1.4998987,0.6594238,-3.0001342,0.65956455,2.9998446
285,0.66299736,-6.217766e-05,0.6629204,-1.5000663,0.66298336,1.499896,0.6629702,-3.0001311,0.6631093,2.9998434
286,0.6665449,-6.108114e-05,0.6664615,-1.5000652,0.6665301,1.4998907,0.66648805,-3.0001285,0.6666296,2.9998407
287,0.6701263,-6.090333e-05,0.66998374,-1.5000654,0.6701024,1.4998902,0.6700348,-3.0001273,0.6701756,2.9998417
288,0.6736686,-6.0090653e-05,0.67352736,-1.5000653,0.6736438,1.4998901,0.6736197,-3.0001266,0.67375726,2.9998431
289,0.6771909,-6.029541e-05,0.67711717,-1.500063,0.67716706,1.4998914,0.67716104,-3.0001268,0.6773009,2.9998412
290,0.6807325,-6.0349215e-05,0.680658,-1.5000651,0.68071234,1.4998921,0.6806833,-3.0001278,0.680822,2.9998386
291,0.6843276,-5.756742e-05,0.6841787,-1.500069,0.68429303,1.4998937,0.6842288,-3.0001273,0.6843675,2.9998388
292,0.68786687,-6.0003636e-05,0.6877259,-1.5000687,0.68783486,1.4998932,0.6878133,-3.000125,0.68794817,2.9998407
293,0.6913896,-6.384151e-05,0.6912957,-1.5000666,0.69135636,1.4998904,0.6913558,-3.0001276,0.69149107,2.9998398
294,0.6949379,-6.3591564e-05,0.6948392,-1.5000668,0.6949025,1.4998888,0.69487804,-3.0001307,0.69501215,2.9998367
295,0.69850296,-6.290474e-05,0.6983614,-1.5000681,0.6984733,1.4998902,0.69842285,-3.000131,0.6985581,2.999837
296,0.70204514,-6.143971e-05,0.7019046,-1.5000725,0.7020168,1.4998881,0.70200115,-3.0001285,0.7021368,2.9998395
297,0.7055672,-6.1510495e-05,0.7054823,-1.5000712,0.70553875,1.4998858,0.70554453,-3.00013,0.7056802,2.9998372
298,0.70911217,-6.0464943e-05,0.7090236,-1.5000728,0.7090854,1.4998845,0.70906556,-3.0001328,0.7092016,2.9998348
299,0.7126956,-5.8228637e-05,0.7125478,-1.5000757,0.71265954,1.4998844,0.7126132,-3.0001311,0.7127467,2.9998355
300,0.71623635,-5.903022e-05,0.7160913,-1.5000808,0.7162003,1.4998853,0.7161961,-3.0001297,0.71632814,2.9998374
301,0.7197578,-6.1286686e-05,0.7196702,-1.5000764,0.7197219,1.4998837,0.7197386,-3.0001314,0.7198717,2.9998353
302,0.7233043,-6.0839946e-05,0.7232118,-1.5000824,0.7232662,1.49988,0.7232602,-3.0001342,0.7233935,2.9998322
303,0.72688776,-5.8096048e-05,0.7267313,-1.5000867,0.726837,1.4998801,0.7268056,-3.000134,0.7269404,2.9998302
304,0.7304294,-5.8264595e-05,0.73027873,-1.5000896,0.7303797,1.4998789,0.7303875,-3.0001307,0.73051393,2.999832
305,0.73395294,-6.0080878e-05,0.73383147,-1.5000936,0.73390144,1.4998766,0.73393005,-3.0001333,0.7340545,2.9998302
306,0.7374953,-6.569571e-05,0.7373797,-1.5000873,0.73744506,1.4998763,0.7374541,-3.000136,0.7375775,2.9998267
307,0.74107295,-6.1800136e-05,0.7408969,-1.5000834,0.74102384,1.4998766,0.7409973,-3.0001411,0.7411237,2.9998202
308,0.7446143,-6.645496e-05,0.74444395,-1.5000808,0.7445665,1.4998776,0.7445732,-3.0001364,0.74468553,2.999822
309,0.7481371,-6.962009e-05,0.7480134,-1.5000805,0.74808717,1.4998769,0.74811476,-3.0001416,0.74822974,2.9998186
310,0.75168097,-7.236576e-05,0.7515579,-1.5000781,0.75163,1.4998775,0.75163287,-3.0001454,0.75175023,2.9998162
311,0.75525206,-7.1753886e-05,0.75507885,-1.5000781,0.75522494,1.49988,0.75518197,-3.0001428,0.7552983,2.9998162
312,0.75879437,-7.346091e-05,0.75862175,-1.5000782,0.7587657,1.4998776,0.7587379,-3.0001438,0.75886244,2.9998152
313,0.7623187,-7.503201e-05,0.7622119,-1.5000765,0.76228654,1.4998741,0.7622832,-3.0001414,0.7624059,2.9998174
314,0.76586217,-7.69761e-05,0.7657509,-1.5000778,0.76583207,1.4998736,0.7658035,-3.000142,0.76592606,2.999817
315,0.76944405,-7.540797e-05,0.76927453,-1.500081,0.76939917,1.4998745,0.76934665,-3.0001426,0.76947093,2.999816
316,0.7729823,-7.578238e-05,0.77282053,-1.5000818,0.7729415,1.499875,0.7729418,-3.0001397,0.7730551,2.999817
317,0.7765061,-7.7968536e-05,0.77639055,-1.5000794,0.77646255,1.4998741,0.7764837,-3.0001419,0.7765968,2.9998155
318,0.78004915,-8.278874e-05,0.7799337,-1.5000799,0.7800086,1.4998755,0.780005,-3.000146,0.7801187,2.9998121
319,0.7836195,-8.193686e-05,0.78345495,-1.5000812,0.7835919,1.4998778,0.7835513,-3.0001516,0.7836647,2.9998093
320,0.78716284,-8.286344e-05,0.78699887,-1.5000813,0.78713304,1.4998759,0.7871107,-3.0001507,0.78723735,2.999809
321,0.7906838,-8.482127e-05,0.79058325,-1.500079,0.7906562,1.4998736,0.7906524,-3.0001523,0.790781,2.9998071
322,0.7942295,-8.444371e-05,0.79412436,-1.5000806,0.79420036,1.4998678,0.79417646,-3.0001535,0.7943018,2.9998035
323,0.7978211,-8.0963335e-05,0.79764813,-1.5000833,0.79777193,1.4998729,0.79772073,-3.0001552,0.79784536,2.9998038
324,0.8013615,-8.267183e-05,0.8011927,-1.5000894,0.80131495,1.4998678,0.80128974,-3.0001526,0.80143046,2.9998055
325,0.8048826,-8.645498e-05,0.8047634,-1.5000849,0.80483264,1.4998643,0.8048313,-3.0001533,0.8049718,2.999804
326,0.8084296,-8.589968e-05,0.80830556,-1.5000906,0.80838203,1.4998612,0.8083553,-3.0001562,0.8084944,2.999801
327,0.8119988,-8.348379e-05,0.81182617,-1.5000943,0.8119249,1.499856,0.81189775,-3.0001616,0.81204027,2.999795
328,0.8155422,-8.363917e-05,0.81537116,-1.5000988,0.8154699,1.4998637,0.8154745,-3.0001607,0.8156082,2.9997978
329,0.81906325,-8.498508e-05,0.8189273,-1.5001001,0.8189891,1.4998698,0.8190162,-3.0001624,0.8191515,2.9997935
330,0.82260895,-8.4697895e-05,0.82246995,-1.5000979,0.82253605,1.4998746,0.82253814,-3.0001652,0.82267034,2.99979
331,0.826193,-8.233316e-05,0.82599103,-1.5000976,0.82610136,1.4998771,0.8260844,-3.0001647,0.8262186,2.9997911
332,0.8297342,-8.3764804e-05,0.82953715,-1.5000974,0.8296446,1.4998765,0.8296695,-3.0001628,0.8297844,2.9997919
333,0.83325726,-8.625358e-05,0.83311296,-1.5000974,0.8331646,1.499873,0.8332116,-3.0001638,0.8333294,2.99979
334,0.83680403,-8.5251944e-05,0.8366559,-1.5000963,0.836709,1.4998668,0.8367329,-3.0001664,0.83684903,2.999786
335,0.8403828,-8.235579e-05,0.8401767,-1.5000968,0.84026676,1.4998713,0.8402777,-3.0001695,0.84039503,2.9997828
336,0.8439229,-8.3719206e-05,0.8437212,-1.500096,0.84380835,1.499866,0.84385246,-3.000169,0.84396535,2.9997833
337,0.84744513,-8.58655e-05,0.8473141,-1.5000938,0.8473252,1.4998624,0.8473949,-3.0001705,0.8475078,2.9997818
338,0.8509906,-8.5461324e-05,0.8508552,-1.5000964,0.8508762,1.4998657,0.8509171,-3.0001733,0.85102886,2.9997787
339,0.85457605,-8.2222316e-05,0.8543768,-1.5000999,0.85441494,1.4998677,0.85446167,-3.0001779,0.8545731,2.9997795
340,0.8581155,-8.5307736e-05,0.85792255,-1.5001051,0.8579616,1.4998657,0.8580401,-3.0001736,0.8581651,2.9997814
341,0.8616371,-8.884165e-05,0.86148316,-1.5001037,0.8614799,1.4998623,0.86158,-3.000179,0.86170524,2.9997802
342,0.865185,-8.7058186e-05,0.8650247,-1.5001059,0.8650283,1.4998562,0.8651014,-3.000183,0.86522734,2.999777
343,0.86873907,-8.7240274e-05,0.8685484,-1.5001065,0.8685835,1.4998556,0.86864924,-3.0001812,0.8687749,2.9997709
344,0.8722838,-8.457426e-05,0.8720937,-1.5001062,0.8721289,1.4998603,0.87220556,-3.000182,0.8723361,2.9997706
345,0.8758021,-8.554077e-05,0.8756566,-1.5001068,0.87564784,1.4998624,0.8757505,-3.0001802,0.87587965,2.99977
346,0.87934995,-8.456872e-05,0.87919956,-1.5001044,0.87919503,1.4998627,0.879271,-3.0001802,0.8794008,2.9997702
347,0.8829399,-8.23358e-05,0.88272035,-1.5001049,0.8827653,1.4998628,0.88281506,-3.0001793,0.8829457,2.9997704
348,0.88648057,-8.3677776e-05,0.886267,-1.5001048,0.8863092,1.4998642,0.88640904,-3.0001764,0.88652015,2.999773
349,0.8900047,-8.65723e-05,0.88984436,-1.5001055,0.8898274,1.4998626,0.8899491,-3.0001793,0.8900649,2.9997709
350,0.89354974,-8.699941e-05,0.89338666,-1.5001069,0.8933761,1.4998641,0.893469,-3.0001829,0.89358497,2.999767
351,0.8971218,-8.434332e-05,0.89690846,-1.5001093,0.8969641,1.4998664,0.8970173,-3.0001826,0.8971316,2.999763
352,0.9006626,-8.466388e-05,0.90045375,-1.5001094,0.90050143,1.499864,0.9005837,-3.0001805,0.9007004,2.999763
353,0.9041804,-8.68131e-05,0.90403736,-1.5001068,0.90402395,1.4998609,0.9041278,-3.000181,0.90424323,2.9997613
354,0.907726,-8.592065e-05,0.9075776,-1.5001082,0.9075648,1.499855,0.9076498,-3.0001829,0.9077634,2.9997585
355,0.9113185,-8.357333e-05,0.91110235,-1.5001111,0.9111493,1.4998604,0.9111944,-3.0001879,0.911308,2.9997594
356,0.91485703,-8.5414315e-05,0.91464573,-1.5001168,0.91468763,1.4998549,0.9147736,-3.000183,0.91489613,2.9997613
357,0.9183835,-8.826379e-05,0.9182204,-1.5001117,0.9182135,1.499852,0.9183162,-3.0001888,0.9184369,2.9997587
358,0.92192626,-9.392384e-05,0.92176265,-1.5001173,0.9217581,1.4998469,0.9218355,-3.0001922,0.92195934,2.999755
359,0.9254778,-8.94495e-05,0.9252815,-1.5001214,0.92528903,1.4998449,0.9253818,-3.0001967,0.9255083,2.9997487
360,0.9290225,-9.2631795e-05,0.9288277,-1.500126,0.9287852,1.4998505,0.92893696,-3.000199,0.9290514,2.9997475
361,0.93253946,-9.367649e-05,0.93238306,-1.5001284,0.9322967,1.4998523,0.9324823,-3.0001945,0.932589,2.9997492
362,0.9360891,-9.063425e-05,0.9359263,-1.5001231,0.9358289,1.4998548,0.93600273,-3.0001922,0.93611497,2.99975
363,0.93964905,-9.041668e-05,0.93944716,-1.5001203,0.93936294,1.4998549,0.9395471,-3.0001926,0.93966126,2.9997504
364,0.94319135,-8.895527e-05,0.9429936,-1.5001174,0.94292784,1.4998552,0.9431209,-3.0001926,0.94323426,2.9997506
365,0.94671094,-8.97502e-05,0.94655764,-1.5001171,0.9464598,1.499856,0.946664,-3.0001917,0.94677657,2.9997518
366,0.95025766,-8.8166336e-05,0.9501006,-1.500115,0.94998735,1.4998558,0.95018494,-3.000193,0.95029914,2.9997506
367,0.95385075,-8.5673986e-05,0.9536206,-1.5001154,0.9535312,1.4998574,0.9537278,-3.0001948,0.9538429,2.9997504
368,0.95739174,-8.6446955e-05,0.957167,-1.5001148,0.9570887,1.4998573,0.95732147,-3.0001924,0.9574256,2.9997506
369,0.96091473,-8.845352e-05,0.9607527,-1.5001129,0.96063316,1.4998602,0.9608621,-3.0001948,0.9609681,2.9997487
370,0.9644589,-9.392986e-05,0.9642934,-1.500115,0.964153,1.4998595,0.9643834,-3.0001974,0.96448976,2.9997454
371,0.96802896,-8.903431e-05,0.9678172,-1.5001184,0.96769744,1.4998593,0.96792895,-3.0001976,0.96803576,2.9997423
372,0.9715719,-9.482326e-05,0.9713611,-1.500124,0.97127986,1.4998597,0.9715025,-3.0001948,0.97160697,2.9997427
373,0.97509205,-9.9675075e-05,0.9749335,-1.5001197,0.9748211,1.4998609,0.97504514,-3.0001955,0.97514814,2.9997404
374,0.97863233,-0.0001051552,0.9784767,-1.5001253,0.9783383,1.4998599,0.97856784,-3.0001981,0.97866553,2.9997373
375,0.9822,-0.000101436526,0.9819961,-1.5001292,0.9818815,1.4998611,0.98211133,-3.0002036,0.9822055,2.999737
376,0.98574305,-0.00010713868,0.98554176,-1.500133,0.9854741,1.4998643,0.9856897,-3.0002005,0.98580045,2.9997392
377,0.98926365,-0.00011161185,0.9891017,-1.5001327,0.9890154,1.4998621,0.98923075,-3.0002043,0.9893406,2.999736
378,0.9928112,-0.000108496795,0.9926468,-1.5001328,0.9925377,1.4998587,0.9927524,-3.000208,0.9928624,2.9997315
379,0.9963794,-0.00010827417,0.9961686,-1.5001322,0.9960842,1.4998536,0.9963005,-3.000207,0.9964105,2.9997258
380,0.9999227,-0.00010811102,0.99971503,-1.5001316,0.9996429,1.4998531,0.9998698,-3.0002077,0.9999611,2.9997232
381,1.0034431,-0.000108868524,1.003293,-1.5001293,1.0031823,1.4998565,1.0034145,-3.000206,1.0035083,2.999729
382,1.0069886,-0.00010789382,1.0068346,-1.5001296,1.006705,1.4998597,1.0069355,-3.0002062,1.0070276,2.9997323
383,1.0105828,-0.00010540077,1.0103551,-1.5001314,1.0102524,1.4998617,1.0104795,-3.000207,1.0105757,2.999735
384,1.0141219,-0.00010740106,1.0138998,-1.5001342,1.0138175,1.4998621,1.0140736,-3.000205,1.0141388,2.9997344
385,1.0176449,-0.00011059127,1.0174766,-1.5001328,1.0173601,1.4998649,1.0176144,-3.000208,1.0176843,2.9997368
386,1.0211905,-0.00011089986,1.0210176,-1.5001343,1.020879,1.4998635,1.0211343,-3.0002117,1.021205,2.9997358
387,1.0247657,-0.00010842417,1.0245402,-1.5001377,1.0244266,1.4998643,1.0246816,-3.0002108,1.0247486,2.9997354
388,1.0283079,-0.00010972763,1.0280849,-1.5001377,1.0280086,1.4998666,1.0282499,-3.0002086,1.0283349,2.999736
389,1.0318319,-0.0001116641,1.0316639,-1.5001351,1.0315466,1.4998655,1.0317924,-3.0002093,1.031877,2.999733
390,1.0353746,-0.00011664375,1.0352061,-1.5001374,1.0350714,1.4998637,1.0353148,-3.0002117,1.035399,2.9997292
391,1.0389558,-0.00011173619,1.03873,-1.5001401,1.0386157,1.4998583,1.0388589,-3.0002174,1.0389458,2.9997232
392,1.0424978,-0.00011704914,1.0422738,-1.5001451,1.0421808,1.4998628,1.0424368,-3.000213,1.0425103,2.9997232
393,1.0460186,-0.00011989358,1.0458498,-1.5001407,1.045723,1.4998584,1.045979,-3.0002186,1.0460536,2.9997241
394,1.049565,-0.0001232101,1.0493884,-1.500147,1.0492435,1.4998561,1.0494975,-3.0002227,1.0495745,2.9997241
395,1.0531222,-0.00012603294,1.052908,-1.5001515,1.0527902,1.4998531,1.053047,-3.0002196,1.0531207,2.9997253
396,1.0566648,-0.00012039184,1.0564562,-1.5001502,1.0563414,1.4998491,1.0566057,-3.00022,1.056706,2.9997272
397,1.0601853,-0.000116088995,1.0600075,-1.500151,1.0598867,1.4998566,1.0601491,-3.00022,1.0602483,2.9997258
398,1.0637316,-0.00011469921,1.0635542,-1.5001494,1.0634053,1.4998621,1.0636715,-3.0002203,1.0637695,2.9997227
399,1.0673076,-0.000112973976,1.0670719,-1.5001506,1.066952,1.4998671,1.0672138,-3.0002205,1.0673156,2.9997191
400,1.0708492,-0.000113059694,1.0706182,-1.5001507,1.0705078,1.4998696,1.0708079,-3.0002186,1.0708838,2.9997191
401,1.074372,-0.00011375193,1.0742108,-1.5001493,1.0740522,1.4998693,1.0743486,-3.0002222,1.0744258,2.9997182
402,1.0779177,-0.00011198308,1.077751,-1.5001498,1.0775725,1.4998665,1.0778706,-3.000227,1.0779464,2.9997153
403,1.081486,-0.00011018163,1.0812742,-1.500152,1.0811195,1.4998626,1.0814178,-3.0002263,1.0814943,2.999715
404,1.0850252,-0.000109545916,1.0848194,-1.5001515,1.0846745,1.4998637,1.0849825,-3.0002263,1.0850625,2.999716
405,1.0885501,-0.00010942207,1.0883995,-1.5001495,1.0882183,1.4998655,1.0885277,-3.0002244,1.0886062,2.9997158
406,1.0920916,-0.0001091199,1.0919412,-1.5001502,1.0917404,1.4998655,1.0920476,-3.0002244,1.0921289,2.999715
407,1.0956875,-0.000105960695,1.0954647,-1.5001526,1.0952849,1.4998645,1.0955921,-3.000224,1.095677,2.9997149
408,1.0992267,-0.000107408014,1.099008,-1.5001583,1.0988407,1.4998658,1.0991828,-3.000222,1.0992271,2.9997149
409,1.10275,-0.00011014197,1.1025836,-1.5001534,1.102385,1.4998678,1.1027235,-3.0002253,1.1027724,2.9997168
410,1.1062957,-0.0001102952,1.1061258,-1.5001591,1.1059037,1.4998664,1.106244,-3.0002294,1.1062922,2.9997156
411,1.1098704,-0.00010761437,1.1096451,-1.5001626,1.1094519,1.4998682,1.1097903,-3.0002291,1.1098388,2.9997156
412,1.1134117,-0.000107668064,1.1131918,-1.5001658,1.1130327,1.499868,1.1133621,-3.0002267,1.1133883,2.9997146
413,1.1169336,-0.00010983159,1.116751,-1.5001689,1.1165748,1.499871,1.1169053,-3.0002277,1.1169333,2.9997187
414,1.1204787,-0.00010949161,1.1202961,-1.5001626,1.1200905,1.4998695,1.1204263,-3.0002303,1.1204543,2.999721
415,1.1240635,-0.00010697726,1.1238148,-1.5001578,1.1236411,1.4998696,1.1239734,-3.0002296,1.1240021,2.999725
416,1.1276033,-0.000108558226,1.1273618,-1.5001566,1.1272222,1.4998697,1.1275595,-3.0002272,1.1275588,2.9997237
417,1.1311233,-0.00011209053,1.1309351,-1.5001564,1.1307613,1.4998722,1.1311017,-3.0002284,1.131102,2.999729
418,1.1346658,-0.00011186336,1.1344774,-1.5001553,1.1342798,1.4998709,1.1346241,-3.0002313,1.1346186,2.9997306
419,1.1382604,-0.000109071174,1.1379987,-1.5001559,1.1378223,1.4998703,1.1381695,-3.0002375,1.1381584,2.99973
420,1.141799,-0.000110533605,1.1415428,-1.5001569,1.1414115,1.4998698,1.1417394,-3.0002332,1.1417482,2.99973
421,1.1453235,-0.0001135993,1.1451298,-1.5001549,1.144952,1.4998686,1.1452817,-3.0002387,1.1452868,2.9997296
422,1.1488707,-0.00011395487,1.148669,-1.500157,1.1484747,1.4998661,1.1488004,-3.000243,1.1488103,2.9997275
423,1.152432,-0.00011241891,1.1521931,-1.5001603,1.1520209,1.4998603,1.1523479,-3.0002418,1.1523563,2.9997253
424,1.1559737,-0.00011200262,1.1557375,-1.5001663,1.1555732,1.4998615,1.1559101,-3.000243,1.1559217,2.999726
425,1.1594951,-0.000113425485,1.1593047,-1.5001626,1.1591175,1.4998624,1.1594551,-3.0002413,1.1594634,2.999725
426,1.1630417,-0.00011281389,1.1628466,-1.5001681,1.162635,1.4998621,1.1629763,-3.0002413,1.1629866,2.9997232
427,1.1666316,-0.0001099058,1.1663667,-1.5001721,1.1661865,1.4998627,1.1665207,-3.0002408,1.1665295,2.999723
428,1.1701744,-0.00011100512,1.1699126,-1.5001764,1.1697671,1.4998657,1.1701133,-3.0002384,1.1701187,2.9997246
429,1.1736944,-0.000111699,1.1734732,-1.5001782,1.1733108,1.4998637,1.1736547,-3.0002408,1.1736591,2.9997237
430,1.1772426,-0.00010969827,1.1770169,-1.500174,1.1768342,1.4998621,1.177176,-3.0002434,1.1771796,2.99972
431,1.180801,-0.0001073021,1.180538,-1.5001723,1.1803801,1.4998579,1.1807216,-3.0002494,1.1807264,2.9997203
432,1.184346,-0.00010637811,1.1840818,-1.5001729,1.1839488,1.4998579,1.1842874,-3.0002456,1.1842964,2.999721
433,1.1878662,-0.00010693691,1.1876619,-1.5001723,1.187494,1.4998631,1.1878308,-3.0002506,1.1878389,2.99972
434,1.191413,-0.00010531749,1.1912044,-1.5001732,1.1910156,1.4998673,1.1913515,-3.0002537,1.1913613,2.9997177
435,1.1949911,-0.00010182496,1.1947262,-1.500175,1.1945616,1.4998705,1.1948965,-3.0002575,1.1949056,2.9997146
436,1.1985335,-0.000103733706,1.1982718,-1.5001742,1.1981453,1.4998724,1.1984599,-3.0002594,1.1984866,2.9997158
437,1.2020553,-0.00010552979,1.2018615,-1.5001717,1.2016863,1.4998727,1.2020019,-3.000255,1.2020284,2.9997134
438,1.2056004,-0.00010532691,1.2054014,-1.5001749,1.2052106,1.4998714,1.2055221,-3.0002537,1.2055523,2.9997098
439,1.2091784,-0.00010220822,1.2089233,-1.5001785,1.2087523,1.4998666,1.2090673,-3.0002537,1.2090964,2.999703
440,1.2127188,-0.00010317867,1.212471,-1.5001781,1.2123246,1.499868,1.212648,-3.0002532,1.2126585,2.9997065
441,1.2162404,-0.00010550642,1.2160399,-1.5001762,1.2158641,1.499868,1.2161908,-3.0002525,1.2162019,2.9997003
442,1.219782,-0.00011021619,1.219582,-1.5001765,1.2193861,1.4998658,1.219713,-3.000253,1.2197188,2.999695
443,1.2233722,-0.00010505607,1.2231027,-1.5001789,1.2229294,1.4998617,1.2232578,-3.0002537,1.2232691,2.9996974
444,1.2269127,-0.0001095773,1.226651,-1.5001779,1.2265099,1.4998636,1.2268428,-3.0002522,1.2268236,2.9996989
445,1.2304305,-0.00011264879,1.2302324,-1.5001751,1.230053,1.4998616,1.2303829,-3.000254,1.2303702,2.9996934
446,1.2339786,-0.00011157104,1.2337767,-1.5001767,1.2335773,1.4998597,1.2339058,-3.0002573,1.2338898,2.999689
447,1.2375381,-0.00010919308,1.2372967,-1.5001793,1.2371193,1.4998561,1.2374505,-3.0002635,1.2374336,2.9996853
448,1.2410824,-0.000107059364,1.2408429,-1.500179,1.2406976,1.499859,1.2410212,-3.0002596,1.2410141,2.9996855
449,1.2446039,-0.00010696033,1.2444215,-1.500177,1.2442425,1.4998572,1.2445636,-3.0002654,1.244559,2.9996834
450,1.2481482,-0.00010653207,1.247964,-1.5001788,1.24776,1.4998543,1.2480837,-3.0002694,1.2480811,2.9996805
451,1.2517214,-0.00010394321,1.2514875,-1.5001814,1.2513059,1.4998562,1.2516279,-3.000274,1.2516257,2.9996738
452,1.255264,-0.00010510652,1.2550317,-1.5001869,1.2548851,1.4998562,1.2551877,-3.0002732,1.2552044,2.9996789
453,1.2587856,-0.00010744396,1.2586095,-1.5001824,1.258427,1.4998585,1.2587321,-3.000274,1.2587463,2.999673
454,1.2623299,-0.00010580576,1.2621508,-1.5001878,1.261946,1.4998583,1.2622546,-3.0002754,1.2622651,2.9996686
455,1.2659199,-0.00010297446,1.2656691,-1.5001915,1.2654959,1.4998596,1.2657981,-3.0002801,1.2658144,2.9996705
456,1.2694583,-0.00010314575,1.2692173,-1.5001901,1.2690846,1.4998618,1.2693706,-3.000277,1.2693659,2.99967
457,1.2729805,-0.000105785795,1.2727715,-1.5001904,1.2726244,1.4998598,1.2729115,-3.0002804,1.2729131,2.9996693
458,1.2765256,-0.000105403145,1.2763159,-1.5001887,1.2761464,1.4998556,1.2764357,-3.0002842,1.276433,2.999666
459,1.2800997,-0.00010231993,1.279836,-1.500189,1.279692,1.4998564,1.2799786,-3.0002897,1.2799761,2.999661
460,1.2836412,-0.00010230348,1.2833809,-1.5001881,1.283269,1.4998585,1.2835528,-3.0002854,1.2835644,2.999661
461,1.287164,-0.00010412688,1.2869713,-1.5001858,1.2868094,1.499858,1.2870942,-3.0002918,1.2871038,2.9996586
462,1.2907083,-0.00010305531,1.2905117,-1.500187,1.290335,1.4998568,1.2906139,-3.0002966,1.2906286,2.9996552
463,1.2942939,-0.00010000492,1.2940332,-1.5001898,1.2938768,1.4998535,1.2941593,-3.0003014,1.2941716,2.9996488
464,1.2978346,-0.00010153263,1.2975792,-1.5001959,1.2974628,1.4998598,1.2977148,-3.0003033,1.2977421,2.9996538
465,1.3013587,-0.00010373046,1.3011436,-1.500192,1.3010021,1.4998548,1.30126,-3.0003,1.3012846,2.9996474
466,1.304902,-0.000108140885,1.3046852,-1.5001975,1.3045236,1.4998509,1.3047782,-3.0003,1.3048052,2.9996436
467,1.3084794,-0.00010315091,1.3082068,-1.5002006,1.3080704,1.4998477,1.3083254,-3.0002992,1.3083515,2.9996388
468,1.3120208,-0.00010827192,1.3117522,-1.5002041,1.3116148,1.4998457,1.3118961,-3.0002992,1.311909,2.9996336
469,1.3155416,-0.00011115169,1.3153127,-1.5002053,1.315159,1.4998505,1.3154396,-3.0002985,1.3154521,2.9996397
470,1.3190724,-0.00011325971,1.3188578,-1.5002024,1.3186731,1.4998542,1.3189608,-3.000299,1.3189594,2.9996428
471,1.3226465,-0.00010759613,1.3223783,-1.5002003,1.3222203,1.4998538,1.3225056,-3.000299,1.3225098,2.9996421
472,1.3261842,-0.00010583289,1.325924,-1.5001994,1.3257792,1.4998556,1.3260978,-3.0002973,1.3260889,2.9996438
473,1.3297014,-0.00010445038,1.3295063,-1.5001985,1.3293227,1.4998559,1.3296397,-3.000299,1.3296324,2.9996426
474,1.3332485,-0.00010354308,1.3330493,-1.5001976,1.332842,1.4998541,1.3331593,-3.0003026,1.3331528,2.9996395
475,1.3367825,-0.00010074914,1.336571,-1.500198,1.3363838,1.4998555,1.3367066,-3.0003028,1.3366992,2.9996364
476,1.3403224,-0.000102961465,1.3401154,-1.5001968,1.3399763,1.4998596,1.3402783,-3.0003014,1.3402681,2.9996347
477,1.3438475,-0.00010561483,1.3437039,-1.5001947,1.3435159,1.4998585,1.3438221,-3.0003028,1.3438126,2.999635
478,1.347392,-0.000109146305,1.3472431,-1.5001975,1.3470395,1.4998561,1.3473448,-3.0003057,1.3473319,2.9996336
479,1.3509531,-0.00010827555,1.3507688,-1.5002006,1.3505855,1.4998572,1.3508893,-3.0003073,1.3508804,2.9996352
480,1.3544989,-0.000108089276,1.3543113,-1.5002062,1.3541548,1.4998575,1.3544698,-3.0003047,1.354474,2.9996371
481,1.3580215,-0.00010965292,1.3578794,-1.5002021,1.357701,1.4998602,1.3580104,-3.0003066,1.3580164,2.9996345
482,1.3615632,-0.00011475332,1.3614222,-1.5002079,1.361219,1.4998589,1.361534,-3.0003097,1.3615352,2.9996307
483,1.3651485,-0.00011076226,1.3649412,-1.5002111,1.3647622,1.499859,1.365078,-3.000316,1.3650846,2.999631
484,1.3686873,-0.00011436865,1.3684874,-1.5002141,1.3683584,1.4998608,1.3686467,-3.0003119,1.368648,2.9996321
485,1.3722117,-0.00011748442,1.3720491,-1.5002186,1.371897,1.4998584,1.3721896,-3.0003173,1.3721919,2.9996307
486,1.37576,-0.00011534165,1.3755925,-1.5002114,1.3754224,1.4998544,1.3757092,-3.0003207,1.3757133,2.9996276
487,1.379323,-0.00011374919,1.3791102,-1.5002064,1.3789687,1.4998546,1.3792555,-3.0003235,1.3792589,2.9996276
488,1.3828683,-0.000113240516,1.3826587,-1.5002044,1.3825414,1.4998534,1.3828169,-3.0003283,1.3828477,2.9996297
489,1.3863884,-0.00011487898,1.3862236,-1.5002047,1.3860829,1.499857,1.3863617,-3.0003216,1.3863878,2.9996274
490,1.389933,-0.00011411999,1.3897686,-1.5002033,1.3896004,1.4998577,1.3898797,-3.000317,1.3899083,2.999624
491,1.3935242,-0.00011075207,1.3932878,-1.5002059,1.393146,1.4998581,1.393426,-3.0003152,1.3934535,2.9996173
492,1.3970513,-0.000112121925,1.3968308,-1.5002087,1.3967115,1.4998628,1.3970011,-3.0003152,1.3970095,2.999623
493,1.4005704,-0.00011979237,1.4004207,-1.5002078,1.4002503,1.499861,1.4005426,-3.0003157,1.4005523,2.999619
494,1.4041101,-0.000120717144,1.4039593,-1.5002099,1.4037681,1.4998578,1.4040668,-3.000317,1.4040635,2.9996161
495,1.4076695,-0.00011983136,1.407484,-1.5002137,1.4073107,1.4998604,1.4076087,-3.0003211,1.407614,2.9996152
496,1.4112147,-0.000118914024,1.411027,-1.5002201,1.410889,1.4998636,1.4111948,-3.0003192,1.4111593,2.9996152
497,1.414736,-0.00011881783,1.414591,-1.5002154,1.414426,1.4998623,1.414736,-3.0003226,1.4147055,2.9996161
498,1.4182794,-0.000117316915,1.4181348,-1.5002209,1.4179404,1.499861,1.4182602,-3.000326,1.4182237,2.999613
499,1.4218652,-0.0001140214,1.4216537,-1.5002247,1.4214871,1.499858,1.4218037,-3.0003312,1.4217728,2.9996092
500,1.4254059,-0.00011540692,1.425201,-1.5002279,1.425044,1.4998578,1.4253784,-3.0003269,1.4253104,2.9996047
501,1.4289286,-0.00011770742,1.4287544,-1.5002332,1.428589,1.4998608,1.4289204,-3.0003328,1.4288578,2.9996083
502,1.432474,-0.000116907366,1.432299,-1.5002261,1.4321116,1.4998634,1.4324396,-3.0003364,1.4323758,2.9996111
503,1.4360567,-0.00011348973,1.4358153,-1.500221,1.4356529,1.4998646,1.4359864,-3.00034,1.4359221,2.9996133
504,1.4395965,-0.000114100156,1.4393629,-1.50022,1.4392442,1.4998662,1.4395449,-3.0003412,1.4394983,2.9996138
505,1.4431179,-0.000115898925,1.442926,-1.5002205,1.4427865,1.4998655,1.443091,-3.0003383,1.4430412,2.9996135
506,1.446663,-0.00011448573,1.4464707,-1.5002196,1.4463043,1.4998631,1.4466096,-3.000337,1.4465618,2.9996119
507,1.4502434,-0.0001110525,1.4499911,-1.5002203,1.4498512,1.4998634,1.4501566,-3.0003366,1.4501041,2.9996119
508,1.4537842,-0.00011186887,1.453534,-1.50022,1.4534249,1.4998658,1.4537396,-3.000337,1.4536878,2.9996135
509,1.4573076,-0.00011390406,1.45713,-1.5002174,1.4569663,1.499864,1.4572823,-3.000336,1.4572312,2.9996123
510,1.4608514,-0.00011292012,1.4606708,-1.5002207,1.4604907,1.4998617,1.4608037,-3.0003364,1.4607518,2.9996095
511,1.464442,-0.00010907579,1.4641912,-1.5002242,1.4640372,1.4998608,1.4643456,-3.000338,1.4642955,2.9996042
512,1.4679806,-0.00011022008,1.4677393,-1.5002253,1.4676158,1.4998614,1.4679395,-3.000336,1.4678609,2.999605
513,1.4715031,-0.000112726935,1.4713004,-1.5002247,1.4711565,1.4998633,1.4714773,-3.000339,1.4714023,2.999602
514,1.4750491,-0.0001121227,1.474843,-1.5002239,1.4746764,1.4998621,1.475001,-3.0003433,1.4749264,2.9995985
515,1.4786267,-0.000108139735,1.4783661,-1.5002252,1.4782248,1.4998621,1.4785485,-3.0003438,1.4784688,2.999593
516,1.4821686,-0.0001095862,1.4819093,-1.5002284,1.4817967,1.4998643,1.4821069,-3.0003452,1.4820464,2.9995973
517,1.4856915,-0.00011126471,1.4854796,-1.500228,1.4853382,1.499863,1.4856504,-3.0003428,1.4855874,2.9995918
518,1.489237,-0.00011009491,1.4890223,-1.5002285,1.4888642,1.4998602,1.4891708,-3.0003428,1.4891073,2.9995878
519,1.4928219,-0.000106111846,1.4925444,-1.5002303,1.4924111,1.4998609,1.4927142,-3.0003426,1.4926536,2.9995832
520,1.4963626,-0.00010672892,1.4960892,-1.5002351,1.4959958,1.4998643,1.496305,-3.0003426,1.4962074,2.999579
521,1.4998862,-0.000108785964,1.4996642,-1.5002345,1.4995388,1.4998615,1.4998437,-3.0003448,1.4997525,2.999584
522,1.5034312,-0.000107551845,1.5032063,-1.5002362,1.5030613,1.4998579,1.503368,-3.000349,1.50327,2.9995868
523,1.5070124,-0.000104140534,1.50673,-1.5002389,1.5066054,1.4998528,1.5069127,-3.0003552,1.5068164,2.9995854
524,1.5105529,-0.00010372491,1.5102729,-1.5002445,1.5101733,1.4998549,1.5104736,-3.000352,1.5103825,2.9995852
525,1.5140747,-0.00010538567,1.5138562,-1.5002395,1.513714,1.4998538,1.5140177,-3.0003576,1.513925,2.9995847
526,1.5176198,-0.00010424857,1.5173978,-1.5002451,1.5172356,1.4998522,1.5175394,-3.000361,1.5174465,2.9995825
527,1.5212,-0.00010093686,1.5209156,-1.5002494,1.5207864,1.4998537,1.5210851,-3.000365,1.5209922,2.9995828
528,1.5247414,-0.00010162663,1.5244633,-1.5002539,1.5243683,1.4998559,1.5246375,-3.0003684,1.5245794,2.999585
529,1.5282663,-0.00010339788,1.5280179,-1.5002582,1.5279076,1.4998555,1.5281823,-3.0003617,1.5281209,2.9995825
530,1.531808,-0.00010739634,1.5315634,-1.5002524,1.5314301,1.4998531,1.5317018,-3.0003579,1.5316421,2.9995794
531,1.53539,-0.000102402446,1.535082,-1.5002493,1.534975,1.4998538,1.5352492,-3.0003521,1.5351874,2.9995768
532,1.5389285,-0.00010645007,1.5386295,-1.500247,1.5385586,1.4998568,1.538808,-3.0003471,1.538753,2.9995782
533,1.5424527,-0.00010819894,1.5421962,-1.5002476,1.5421013,1.4998548,1.5423532,-3.0003533,1.5422941,2.9995768
534,1.5459971,-0.0001102151,1.5457408,-1.5002452,1.5456201,1.499852,1.5458704,-3.0003588,1.5458164,2.9995735
535,1.5495564,-0.00010892539,1.5492604,-1.5002458,1.5491625,1.499852,1.5494194,-3.0003564,1.549351,2.9995682
536,1.5530701,-0.00010678213,1.552804,-1.5002463,1.5527186,1.4998531,1.5529828,-3.0003574,1.5528945,2.999564
537,1.556579,-0.00010158757,1.5563953,-1.5002463,1.5562555,1.4998544,1.5565277,-3.0003564,1.5564425,2.9995701
538,1.5601273,-9.918624e-05,1.559935,-1.5002493,1.559767,1.499852,1.560049,-3.0003572,1.559945,2.9995725
539,1.563678,-9.8846365e-05,1.5634583,-1.500253,1.5633088,1.4998505,1.563592,-3.0003567,1.5634978,2.999573
540,1.5672233,-9.459265e-05,1.5670063,-1.5002526,1.5668752,1.4998507,1.5671873,-3.000354,1.5670841,2.999573
541,1.5707406,-9.48792e-05,1.5705756,-1.5002522,1.5704149,1.4998535,1.5707273,-3.0003576,1.570628,2.999573
542,1.5742892,-9.319174e-05,1.57412,-1.5002526,1.573934,1.4998518,1.5742519,-3.0003614,1.5741465,2.9995706
543,1.5778761,-9.220453e-05,1.5776422,-1.5002532,1.5774791,1.4998498,1.5777955,-3.000367,1.5776951,2.9995716
544,1.5814162,-8.92402e-05,1.581184,-1.500253,1.581044,1.4998502,1.5813605,-3.0003643,1.5812802,2.999573
545,1.5849401,-8.7535445e-05,1.5847747,-1.5002507,1.5845817,1.4998505,1.584904,-3.0003698,1.5848223,2.9995704
546,1.5884851,-8.5144784e-05,1.5883163,-1.5002528,1.5881062,1.4998487,1.5884229,-3.0003743,1.5883439,2.9995668
547,1.592068,-8.2913e-05,1.5918353,-1.5002574,1.5916495,1.4998498,1.5919712,-3.0003724,1.5918912,2.9995608
548,1.5956099,-8.377457e-05,1.5953839,-1.5002563,1.5952274,1.4998503,1.5955333,-3.0003738,1.5954537,2.999558
549,1.5991318,-8.53542e-05,1.5989498,-1.5002545,1.5987647,1.4998522,1.5990784,-3.0003731,1.5989949,2.9995615
550,1.6026753,-8.592121e-05,1.6024935,-1.5002555,1.6022877,1.4998517,1.6025984,-3.0003738,1.6025143,2.9995637
551,1.6062527,-8.197798e-05,1.606017,-1.5002575,1.6058284,1.4998524,1.6061435,-3.000373,1.6060622,2.9995651
552,1.6097915,-8.252402e-05,1.609561,-1.5002627,1.6094226,1.4998536,1.6097376,-3.0003712,1.6096414,2.999565
553,1.613316,-8.455069e-05,1.6131396,-1.500258,1.6129609,1.4998556,1.6132768,-3.0003748,1.6131856,2.9995673
554,1.6168641,-8.928465e-05,1.6166819,-1.5002637,1.6164826,1.4998544,1.6168014,-3.0003786,1.616705,2.9995668
555,1.6204265,-8.919084e-05,1.6202025,-1.5002675,1.6200258,1.499855,1.6203455,-3.0003843,1.6202506,2.999567
556,1.6239703,-8.6853026e-05,1.623746,-1.5002719,1.6236081,1.4998554,1.6239126,-3.0003822,1.6238351,2.9995687
557,1.6274896,-8.545849e-05,1.6273084,-1.5002722,1.627151,1.4998585,1.6274561,-3.0003867,1.6273783,2.9995656
558,1.6310232,-8.18897e-05,1.6308485,-1.5002717,1.6306579,1.4998584,1.6309762,-3.0003917,1.630886,2.9995623
559,1.6346142,-8.015723e-05,1.6343719,-1.5002724,1.6342019,1.4998653,1.6345253,-3.0003903,1.634434,2.9995627
560,1.638149,-7.911392e-05,1.6379187,-1.5002713,1.6377635,1.4998702,1.6380991,-3.000391,1.6380079,2.9995618
561,1.64167,-7.7354e-05,1.6414901,-1.5002697,1.6413049,1.4998653,1.6416425,-3.0003896,1.6415523,2.9995623
562,1.645219,-7.392584e-05,1.6450325,-1.5002712,1.6448165,1.4998616,1.6451638,-3.00039,1.6450697,2.99956
563,1.6487887,-7.2999916e-05,1.6485555,-1.5002733,1.6483635,1.4998646,1.6487064,-3.0003908,1.6486177,2.9995615
564,1.6523303,-6.9220056e-05,1.6520993,-1.5002775,1.6519368,1.4998641,1.6523006,-3.0003884,1.6522108,2.999563
565,1.6558502,-6.9602895e-05,1.6556817,-1.5002726,1.6554878,1.4998639,1.6558418,-3.000391,1.6557518,2.9995608
566,1.6593959,-6.806449e-05,1.6592227,-1.500278,1.6590093,1.4998615,1.6593634,-3.000395,1.6592743,2.9995577
567,1.662975,-6.477909e-05,1.6627406,-1.5002819,1.6625566,1.4998554,1.6629096,-3.0003958,1.6628195,2.9995518
568,1.6665174,-6.566606e-05,1.6662908,-1.5002793,1.6660892,1.4998596,1.6664797,-3.0003934,1.6663806,2.9995553
569,1.670041,-6.7260924e-05,1.6698425,-1.5002801,1.6696488,1.4998577,1.6700236,-3.0003948,1.6699234,2.9995513
570,1.6735861,-6.733123e-05,1.6733898,-1.5002782,1.6731706,1.499859,1.6735461,-3.0003972,1.6734444,2.999548
571,1.6771598,-6.580395e-05,1.6769092,-1.5002795,1.6767012,1.4998591,1.6770904,-3.0004027,1.6769918,2.999545
572,1.6806992,-6.3738946e-05,1.6804531,-1.5002784,1.6802484,1.4998628,1.6806713,-3.0003972,1.6805379,2.9995403
573,1.6842219,-6.3417836e-05,1.6840465,-1.5002761,1.6837761,1.4998634,1.6842134,-3.000403,1.6840842,2.999547
574,1.6877692,-6.099653e-05,1.6875863,-1.5002787,1.6873248,1.499866,1.6877296,-3.0004067,1.6875994,2.9995518
575,1.6913517,-5.9474387e-05,1.6911108,-1.500282,1.6908411,1.4998643,1.6912777,-3.0004065,1.6911482,2.999553
576,1.6948928,-5.7520247e-05,1.6946551,-1.5002872,1.6943852,1.4998642,1.6948394,-3.0004044,1.6947052,2.9995515
577,1.6984135,-5.732661e-05,1.6982249,-1.500284,1.69798,1.4998664,1.6983854,-3.000406,1.6982491,2.999554
578,1.7019606,-5.524988e-05,1.7017654,-1.5002891,1.7015175,1.4998689,1.701908,-3.0004084,1.701767,2.9995518
579,1.7055507,-5.1635994e-05,1.7052864,-1.5002928,1.70504,1.4998685,1.7054523,-3.0004117,1.7053152,2.9995513
580,1.7090899,-5.2131436e-05,1.7088345,-1.5002909,1.7085863,1.4998691,1.7090272,-3.0004072,1.7089037,2.999551
581,1.7126129,-5.378547e-05,1.7123924,-1.5002918,1.7121761,1.499871,1.71257,-3.000413,1.7124461,2.9995508
582,1.7161583,-5.8148988e-05,1.7159374,-1.5002898,1.715717,1.4998728,1.716088,-3.0004175,1.715968,2.99955
583,1.7197293,-5.2127616e-05,1.719457,-1.5002903,1.719238,1.4998716,1.7196376,-3.0004141,1.7195113,2.9995508
584,1.7232721,-5.615353e-05,1.7230011,-1.5002896,1.7227811,1.4998728,1.7231966,-3.0004153,1.7231029,2.999553
585,1.7267897,-5.7849324e-05,1.726595,-1.5002877,1.7263768,1.499875,1.7267419,-3.0004141,1.7266452,2.99955
586,1.7303395,-5.4701894e-05,1.7301344,-1.5002912,1.7299155,1.4998765,1.7302619,-3.0004144,1.7301645,2.9995468
587,1.7338965,-5.384647e-05,1.7336593,-1.5002946,1.733437,1.4998757,1.7338068,-3.0004134,1.7337132,2.9995468
588,1.7374405,-5.06499e-05,1.7372035,-1.5002998,1.7369847,1.4998777,1.7374017,-3.000411,1.737277,2.9995482
589,1.7409586,-5.0856223e-05,1.7407703,-1.5002975,1.7405754,1.499881,1.7409413,-3.0004141,1.7408198,2.9995472
590,1.7445036,-4.9521426e-05,1.7443115,-1.5003021,1.7441145,1.4998797,1.7444642,-3.0004187,1.7443426,2.9995453
591,1.7480986,-4.702386e-05,1.7478328,-1.5003066,1.7476366,1.499877,1.748012,-3.0004175,1.7478893,2.9995403
592,1.7516388,-4.6292753e-05,1.7513795,-1.5003067,1.7511818,1.4998804,1.751579,-3.0004175,1.7514632,2.9995418
593,1.7551619,-4.637571e-05,1.7549442,-1.5003071,1.7547629,1.4998811,1.7551222,-3.0004172,1.755003,2.999537
594,1.7587078,-4.438949e-05,1.7584889,-1.5003061,1.758303,1.4998841,1.7586434,-3.000418,1.7585264,2.9995341
595,1.7622874,-4.0917177e-05,1.7620095,-1.5003071,1.7618247,1.4998833,1.7621878,-3.000418,1.7620709,2.9995298
596,1.7658297,-4.1594365e-05,1.7655528,-1.5003064,1.7653697,1.4998842,1.7657813,-3.0004153,1.7656367,2.999529
597,1.7693514,-4.3392283e-05,1.7691474,-1.500305,1.7689539,1.4998862,1.7693235,-3.0004184,1.7691774,2.999532
598,1.7728966,-4.1687672e-05,1.7726859,-1.5003078,1.7724975,1.4998876,1.772845,-3.000422,1.7726986,2.9995327
599,1.7764848,-3.7837206e-05,1.7762097,-1.5003108,1.776018,1.4998877,1.7763922,-3.0004272,1.776245,2.9995327
600,1.7800251,-3.840588e-05,1.7797538,-1.5003158,1.7795632,1.4998896,1.7799522,-3.0004313,1.7798301,2.999533
601,1.7835473,-4.017869e-05,1.7833246,-1.5003122,1.7831433,1.4998916,1.7834966,-3.0004263,1.7833725,2.9995332
602,1.787094,-3.7591155e-05,1.7868655,-1.500318,1.7866827,1.4998918,1.7870154,-3.000424,1.7868934,2.9995315
603,1.7906686,-3.4730263e-05,1.7903842,-1.5003226,1.7902038,1.4998891,1.7905642,-3.000423,1.7904396,2.9995327
604,1.7942107,-3.4041062e-05,1.7939326,-1.5003207,1.7937508,1.4998919,1.7941401,-3.0004246,1.7940302,2.9995348
605,1.7977332,-3.4782992e-05,1.797492,-1.5003214,1.7973328,1.499893,1.7976831,-3.000422,1.7975707,2.9995325
606,1.8012767,-3.8553953e-05,1.8010371,-1.50032,1.8008734,1.4998965,1.8012034,-3.000422,1.8010944,2.999529
607,1.804855,-3.6569414e-05,1.8045565,-1.5003209,1.8043933,1.4998957,1.8047478,-3.0004222,1.8046383,2.9995232
608,1.8083974,-3.6060876e-05,1.8081014,-1.5003206,1.8079387,1.4998964,1.8083332,-3.000422,1.8082017,2.999527
609,1.8119206,-3.6503814e-05,1.8116941,-1.5003183,1.8115214,1.4999,1.8118744,-3.0004234,1.8117446,2.999522
610,1.8154649,-4.0771418e-05,1.8152345,-1.5003203,1.815063,1.4998988,1.8153956,-3.0004258,1.8152603,2.9995182
611,1.8190429,-3.5277357e-05,1.8187573,-1.500324,1.8185836,1.4998959,1.8189424,-3.000426,1.8188118,2.9995193
612,1.8225863,-3.9158884e-05,1.8223016,-1.5003302,1.82213,1.4998986,1.8225161,-3.0004237,1.8223661,2.9995174
613,1.8261045,-4.0704916e-05,1.8258672,-1.5003262,1.8257095,1.4999009,1.8260595,-3.0004258,1.8259112,2.99952
614,1.8296537,-3.585926e-05,1.8294096,-1.5003315,1.8292537,1.4999012,1.829583,-3.000429,1.8294302,2.9995186
615,1.8332139,-3.078823e-05,1.8329312,-1.5003347,1.8327726,1.4999002,1.8331264,-3.0004344,1.8329757,2.999518
616,1.8367567,-3.5383986e-05,1.8364749,-1.5003394,1.8363178,1.4999015,1.8367075,-3.0004296,1.8365625,2.999518
617,1.840275,-3.914378e-05,1.8400347,-1.5003394,1.839898,1.499903,1.8402481,-3.0004356,1.8401036,2.999517
618,1.8438236,-3.475134e-05,1.8435796,-1.5003396,1.8434404,1.4999052,1.8437674,-3.0004401,1.8436284,2.9995153
619,1.8473905,-3.3581717e-05,1.8471019,-1.5003405,1.8469589,1.4999051,1.8473146,-3.0004451,1.8471714,2.999511
620,1.8509332,-3.120231e-05,1.8506458,-1.50034,1.8505067,1.4999075,1.8508631,-3.0004485,1.8507555,2.999516
621,1.8544551,-3.057049e-05,1.8542335,-1.500338,1.8540815,1.4999089,1.8544087,-3.0004423,1.8542962,2.9995105
622,1.8579983,-2.8726812e-05,1.8577743,-1.5003406,1.8576255,1.49991,1.8579262,-3.0004382,1.8578143,2.9995065
623,1.8615899,-2.4614987e-05,1.8612969,-1.5003444,1.8611438,1.4999095,1.8614738,-3.0004373,1.861362,2.9995003
624,1.8651307,-2.5176814e-05,1.8648443,-1.5003455,1.8646884,1.4999107,1.8650324,-3.000437,1.8649026,2.9994972
625,1.8686522,-2.6697075e-05,1.8684157,-1.5003464,1.8682759,1.4999119,1.8685778,-3.0004358,1.8684471,2.9995024
626,1.8721969,-3.0996678e-05,1.8719592,-1.5003443,1.8718177,1.4999132,1.8720986,-3.0004363,1.8719698,2.9995072
627,1.8757615,-2.5785332e-05,1.8754796,-1.5003446,1.8753369,1.499913,1.8756415,-3.0004368,1.8755158,2.9995124
628,1.8793051,-2.942379e-05,1.8790245,-1.5003445,1.8788846,1.4999146,1.8792367,-3.0004342,1.8790812,2.9995131
629,1.8828238,-3.114e-05,1.8826104,-1.5003434,1.8824685,1.4999164,1.8827779,-3.000437,1.8826243,2.9995127
630,1.8863732,-2.709221e-05,1.8861512,-1.5003451,1.8860095,1.4999182,1.8863,-3.0004408,1.8861446,2.9995105
631,1.8899344,-2.2882115e-05,1.889675,-1.5003483,1.8895303,1.4999171,1.889847,-3.0004406,1.8896917,2.999512
632,1.8934767,-2.6035683e-05,1.893219,-1.5003548,1.8930784,1.499919,1.8934146,-3.000438,1.893281,2.9995131
633,1.8969978,-2.9694587e-05,1.8967912,-1.5003504,1.8966695,1.499922,1.8969597,-3.00044,1.8968202,2.9995105
634,1.9005455,-2.6060232e-05,1.9003334,-1.5003563,1.9002115,1.4999219,1.9004819,-3.0004425,1.900345,2.9995067
635,1.9041203,-2.4657464e-05,1.9038529,-1.5003605,1.9037316,1.4999202,1.9040258,-3.0004442,1.9038887,2.9995005
636,1.9076626,-2.2385764e-05,1.9073985,-1.5003649,1.9072762,1.4999223,1.907609,-3.0004413,1.9074541,2.9995053
637,1.9111848,-2.1491971e-05,1.9109582,-1.500365,1.9108535,1.4999241,1.9111494,-3.0004427,1.9109951,2.9994998
638,1.9147282,-2.0382991e-05,1.9145031,-1.5003645,1.9143963,1.4999244,1.9146699,-3.000446,1.9145144,2.999496
639,1.9183106,-1.6745944e-05,1.9180232,-1.5003656,1.917919,1.4999238,1.9182167,-3.0004463,1.9180639,2.9994915
640,1.9218507,-1.7760125e-05,1.9215691,-1.5003653,1.9214633,1.4999259,1.9217831,-3.0004444,1.9216046,2.9994853
641,1.9253739,-1.9271494e-05,1.9251513,-1.5003654,1.9250593,1.4999282,1.9253277,-3.0004456,1.9251527,2.9994926
642,1.9289188,-1.7635386e-05,1.9286942,-1.500364,1.9285991,1.4999284,1.9288495,-3.0004475,1.928667,2.9994974
643,1.9324994,-1.36963645e-05,1.9322144,-1.5003651,1.9321256,1.4999275,1.932394,-3.0004485,1.9322162,2.9994993
644,1.9360408,-1.4792393e-05,1.9357597,-1.5003659,1.935667,1.4999231,1.935976,-3.0004456,1.9357725,2.9994977
645,1.9395643,-1.6058526e-05,1.9393443,-1.5003666,1.9392409,1.4999288,1.9395181,-3.0004475,1.939316,2.9995
646,1.943108,-1.7745107e-05,1.9428855,-1.500368,1.9427818,1.499924,1.9430399,-3.000451,1.9428338,2.9994974
647,1.9466846,-1.5009849e-05,1.9464098,-1.500371,1.9462997,1.4999212,1.9465865,-3.0004516,1.9463816,2.9994981
648,1.9502236,-1.5111793e-05,1.9499534,-1.5003772,1.9498494,1.4999259,1.9501703,-3.0004487,1.9499744,2.9995
649,1.953748,-1.6417624e-05,1.9535267,-1.5003723,1.9534097,1.499928,1.9537114,-3.0004506,1.953517,2.9994972
650,1.9572928,-1.9892177e-05,1.9570684,-1.5003783,1.9569525,1.4999269,1.9572337,-3.0004542,1.9570367,2.999494
651,1.9608638,-1.4537778e-05,1.9605868,-1.5003823,1.960474,1.499925,1.9607784,-3.0004542,1.9605843,2.9994922
652,1.9644063,-1.8740044e-05,1.9641349,-1.5003809,1.964017,1.4999206,1.9643587,-3.0004516,1.9641445,2.9994922
653,1.9679269,-2.0505788e-05,1.9676965,-1.500382,1.9676036,1.4999251,1.9679,-3.0004525,1.9676845,2.9994934
654,1.9714744,-2.1818596e-05,1.9712421,-1.5003804,1.971142,1.4999202,1.971423,-3.000455,1.9712075,2.999492
655,1.9750346,-2.503609e-05,1.9747624,-1.5003808,1.9746641,1.4999183,1.9749674,-3.0004604,1.9747521,2.9994898
656,1.9785781,-1.677937e-05,1.978306,-1.5003815,1.9782113,1.4999225,1.9785446,-3.0004556,1.9783179,2.9994898
657,1.982096,-9.645075e-06,1.9819003,-1.5003792,1.9817797,1.4999228,1.9820865,-3.000461,1.9818599,2.9994888
658,1.9856429,-6.9194357e-06,1.9854411,-1.5003827,1.9853228,1.4999238,1.9856061,-3.0004652,1.9853818,2.9994867
659,1.9892135,-6.0237508e-06,1.9889637,-1.5003864,1.9888464,1.4999238,1.9891526,-3.0004694,1.988929,2.9994879
660,1.9927573,-3.7852296e-06,1.9925102,-1.5003859,1.9923882,1.4999253,1.992708,-3.0004706,1.9925028,2.9994895
661,1.9962788,-2.322442e-06,1.9960783,-1.5003868,1.9959835,1.4999287,1.9962549,-3.000467,1.996044,2.9994872
662,1.9998218,-2.696106e-07,1.9996228,-1.5003854,1.9995204,1.4999261,1.9997733,-3.0004654,1.9995672,2.9994843
663,2.0034192,3.8320577e-06,2.0031433,-1.5003862,2.0030456,1.499923,2.0033183,-3.0004654,2.0031116,2.9994788
664,2.0069606,2.4249239e-06,2.006688,-1.5003864,2.006589,1.49992,2.0068908,-3.000465,2.0066867,2.9994824
665,2.0104818,-8.2676706e-08,2.0102801,-1.5003847,2.010158,1.4999223,2.010432,-3.0004652,2.0102296,2.9994767
666,2.0140278,6.926057e-07,2.013822,-1.5003871,2.013699,1.4999212,2.0139554,-3.0004668,2.0137477,2.999473
667,2.017597,4.277943e-06,2.0173416,-1.5003905,2.0172234,1.4999199,2.0174975,-3.000471,2.0172966,2.9994736
668,2.0211406,4.9603696e-06,2.0208893,-1.5003904,2.0207694,1.4999226,2.0210845,-3.0004702,2.0208533,2.9994736
669,2.0246623,4.644644e-06,2.024462,-1.5003884,2.0243504,1.4999238,2.0246253,-3.0004723,2.0243988,2.9994743
670,2.0282059,6.467424e-06,2.028004,-1.5003897,2.027891,1.4999256,2.0281494,-3.000476,2.0279176,2.9994721
671,2.0317903,1.043261e-05,2.0315273,-1.5003921,2.031413,1.4999259,2.0316932,-3.0004818,2.0314636,2.9994695
672,2.0353305,9.668693e-06,2.0350711,-1.5003945,2.034956,1.4999268,2.0352678,-3.0004768,2.035033,2.9994695
673,2.0388541,8.545947e-06,2.0386524,-1.5003924,2.0385475,1.4999295,2.0388098,-3.0004828,2.0385745,2.9994674
674,2.0424,6.3454936e-06,2.042194,-1.5003943,2.0420861,1.4999299,2.042329,-3.000487,2.0420985,2.999465
675,2.0459719,1.0132084e-05,2.045716,-1.5003977,2.04561,1.4999287,2.0458753,-3.0004907,2.045641,2.9994593
676,2.0495105,8.378003e-06,2.0492606,-1.500404,2.0491538,1.4999236,2.0494328,-3.0004947,2.0492215,2.9994645
677,2.0530334,6.944545e-06,2.0528345,-1.5003995,2.0527263,1.4999293,2.052977,-3.000489,2.052763,2.9994595
678,2.0565827,1.0548953e-05,2.0563765,-1.5004054,2.0562685,1.4999254,2.0564966,-3.0004864,2.0562797,2.9994555
679,2.0601485,1.1030985e-05,2.0598972,-1.5004096,2.059786,1.499923,2.0600421,-3.0004861,2.059828,2.9994547
680,2.0636914,1.4363024e-05,2.0634422,-1.5004143,2.0633368,1.4999279,2.0636218,-3.0004857,2.0633757,2.9994533
681,2.0672126,1.6097765e-05,2.0670002,-1.5004153,2.0668998,1.4999316,2.0671647,-3.0004857,2.066922,2.999457
682,2.070755,1.7949038e-05,2.0705435,-1.5004146,2.0704405,1.4999272,2.0706863,-3.0004864,2.070441,2.999457
683,2.0743499,2.171062e-05,2.0740652,-1.5004147,2.073963,1.4999232,2.0742295,-3.000486,2.0739882,2.9994593
684,2.0778892,2.0431675e-05,2.077613,-1.5004139,2.0775084,1.499926,2.0778198,-3.000483,2.0775514,2.99946
685,2.0814126,1.8184379e-05,2.081183,-1.5004145,2.0810874,1.4999264,2.081361,-3.0004854,2.0810938,2.9994586
686,2.0849593,2.0228246e-05,2.084726,-1.5004138,2.0846283,1.4999278,2.0848837,-3.000489,2.0846167,2.9994562
687,2.0885262,2.1131971e-05,2.0882473,-1.5004147,2.0881505,1.4999273,2.088429,-3.0004945,2.0881624,2.9994507
688,2.0920687,2.486218e-05,2.0917904,-1.5004153,2.0916967,1.4999298,2.0919938,-3.0004919,2.0917323,2.999454
689,2.0955899,2.6331712e-05,2.0953865,-1.5004128,2.0952916,1.4999332,2.0955367,-3.0004964,2.0952713,2.9994483
690,2.0991359,2.817365e-05,2.0989282,-1.5004156,2.098831,1.4999312,2.0990586,-3.000499,2.0987954,2.9994445
691,2.1027188,3.1679338e-05,2.1024482,-1.5004196,2.1023529,1.4999292,2.1026037,-3.000502,2.1023405,2.9994397
692,2.10626,3.1698117e-05,2.105998,-1.5004188,2.1058989,1.4999242,2.1061707,-3.0005012,2.105892,2.9994366
693,2.1097827,3.0483323e-05,2.1095622,-1.5004171,2.10946,1.499927,2.109715,-3.0005023,2.1094377,2.9994423
694,2.113328,3.2301352e-05,2.1131063,-1.5004177,2.1130013,1.4999274,2.1132364,-3.0005052,2.1129575,2.9994462
695,2.116912,3.647287e-05,2.1166284,-1.5004194,2.1165278,1.499928,2.1167798,-3.000508,2.1165035,2.9994478
696,2.1204545,3.6542275e-05,2.1201725,-1.5004206,2.120071,1.4999303,2.1203628,-3.0005043,2.1200736,2.9994473
697,2.123977,3.5544006e-05,2.1237533,-1.5004184,2.1236527,1.4999323,2.123904,-3.0005078,2.1236196,2.99945
698,2.127522,3.1858108e-05,2.1272957,-1.5004213,2.1271944,1.4999349,2.1274247,-3.0005114,2.1271377,2.9994478
699,2.1310942,3.7370002e-05,2.1308198,-1.5004244,2.130713,1.4999354,2.1309724,-3.0005116,2.130685,2.9994485
700,2.1346354,3.339907e-05,2.1343627,-1.5004297,2.1342604,1.4999369,2.134535,-3.000512,2.1342778,2.9994507
701,2.1381555,3.088166e-05,2.1379411,-1.5004252,2.1378515,1.4999406,2.1380801,-3.00051,2.137821,2.9994476
702,2.1417017,2.9047551e-05,2.141483,-1.5004313,2.141391,1.4999393,2.1415987,-3.0005107,2.1413405,2.9994442
703,2.14526,2.994117e-05,2.1450026,-1.5004357,2.144917,1.4999373,2.1451435,-3.00051,2.144889,2.9994452
704,2.1488035,3.2968885e-05,2.1485486,-1.50044,2.1484601,1.4999338,2.1487386,-3.000507,2.1484587,2.9994462
705,2.1523254,3.50162e-05,2.1521027,-1.5004431,2.1520274,1.499936,2.1522782,-3.00051,2.152001,2.9994438
706,2.1558723,3.838614e-05,2.1556478,-1.5004383,2.1555707,1.4999372,2.1557984,-3.0005145,2.1555238,2.9994411
707,2.1594484,4.0602325e-05,2.159167,-1.5004357,2.159091,1.4999387,2.1593451,-3.0005147,2.1590667,2.9994354
708,2.1629906,4.1918174e-05,2.162713,-1.5004358,2.1626346,1.49994,2.1629145,-3.0005116,2.1626484,2.9994404
709,2.1665113,4.2301042e-05,2.166287,-1.5004354,2.166217,1.4999434,2.1664593,-3.0005136,2.16619,2.9994345
710,2.1700575,4.4834218e-05,2.1698277,-1.5004363,2.1697583,1.4999437,2.1699793,-3.0005162,2.1697063,2.99943
711,2.1736484,4.9021466e-05,2.17335,-1.5004387,2.1732821,1.4999427,2.1735268,-3.0005147,2.1732578,2.9994326
712,2.1771872,4.8627604e-05,2.176895,-1.5004387,2.176824,1.4999381,2.177111,-3.000513,2.1768036,2.999434
713,2.18071,4.706849e-05,2.1804886,-1.5004365,2.1804035,1.4999434,2.1806543,-3.0005155,2.1803493,2.999431
714,2.1842554,4.8124864e-05,2.1840303,-1.5004394,2.1839411,1.4999399,2.1841767,-3.0005183,2.1838703,2.999427
715,2.1878326,5.220811e-05,2.18755,-1.5004433,2.187468,1.4999377,2.187721,-3.0005233,2.1874146,2.9994223
716,2.1913738,5.291443e-05,2.1910968,-1.5004435,2.191011,1.4999348,2.1912994,-3.0005195,2.1909938,2.9994233
717,2.194897,5.231206e-05,2.1946678,-1.5004413,2.1945763,1.4999352,2.1948404,-3.000526,2.194537,2.9994218
718,2.19844,4.8398448e-05,2.198212,-1.5004437,2.1981146,1.4999369,2.19836,-3.0005307,2.198058,2.9994202
719,2.2020206,5.4386437e-05,2.2017348,-1.5004463,2.2016406,1.4999399,2.2019093,-3.0005322,2.2016048,2.9994192
720,2.205563,5.087065e-05,2.2052782,-1.50045,2.2051864,1.4999429,2.2054605,-3.000536,2.2051713,2.9994204
721,2.209081,4.9269125e-05,2.208861,-1.5004474,2.2087543,1.4999446,2.2090063,-3.0005293,2.208713,2.9994192
722,2.2126296,5.432801e-05,2.2124012,-1.5004494,2.212297,1.4999477,2.2125242,-3.0005238,2.2122364,2.9994168
723,2.2161934,5.6029196e-05,2.2159228,-1.5004535,2.215818,1.499947,2.2160714,-3.0005229,2.2157824,2.9994116
724,2.219736,5.7567202e-05,2.219469,-1.5004535,2.2193646,1.4999499,2.2196398,-3.0005229,2.2193568,2.9994142
725,2.2232578,5.822847e-05,2.2230406,-1.5004512,2.2229588,1.4999529,2.2231839,-3.000521,2.2228982,2.9994097
726,2.226803,6.0948747e-05,2.226584,-1.5004535,2.2264972,1.4999515,2.2267034,-3.0005212,2.2264204,2.9994063
727,2.2303946,6.428231e-05,2.2301066,-1.5004568,2.2300217,1.4999496,2.2302477,-3.0005221,2.2299654,2.9994018
728,2.2339334,6.416434e-05,2.233651,-1.5004576,2.2335694,1.4999518,2.2338386,-3.0005202,2.2335272,2.9993992
729,2.2374563,6.24523e-05,2.2372382,-1.5004553,2.2371364,1.4999523,2.2373786,-3.0005217,2.237066,2.999404
730,2.2410035,6.4437685e-05,2.2407773,-1.5004586,2.2406802,1.4999558,2.2409005,-3.0005255,2.240589,2.9994078
731,2.2445798,6.854985e-05,2.2442997,-1.5004625,2.2441974,1.4999559,2.2444453,-3.0005322,2.2441344,2.9994118
732,2.2481215,6.837083e-05,2.2478478,-1.500463,2.247744,1.4999577,2.2480052,-3.0005279,2.2477024,2.9994128
733,2.2516437,6.757696e-05,2.2514153,-1.5004629,2.251338,1.4999611,2.2515488,-3.000533,2.2512476,2.999413
734,2.255189,7.008105e-05,2.254957,-1.5004623,2.2548773,1.4999598,2.255069,-3.000536,2.2547681,2.9994118
735,2.2587733,7.4590964e-05,2.2584794,-1.500463,2.2584014,1.4999576,2.258614,-3.0005395,2.2583113,2.9994123
736,2.2623146,7.388617e-05,2.2620218,-1.5004643,2.2619488,1.4999607,2.2621715,-3.0005403,2.2618992,2.999415
737,2.2658386,7.3363655e-05,2.2656114,-1.5004622,2.2655225,1.4999622,2.2657204,-3.000537,2.2654405,2.9994128
738,2.269384,7.409155e-05,2.2691507,-1.5004648,2.2690654,1.4999653,2.2692382,-3.0005362,2.268961,2.9994094
739,2.2729573,7.704696e-05,2.2726746,-1.500469,2.2725844,1.499966,2.2727852,-3.0005357,2.2725074,2.9994082
740,2.2764983,7.825275e-05,2.2762213,-1.5004693,2.2761328,1.499968,2.2763705,-3.0005355,2.2760727,2.9994102
741,2.2800202,7.819949e-05,2.2797885,-1.5004705,2.2797167,1.499971,2.279913,-3.0005343,2.2796164,2.9994102
742,2.2835662,8.045014e-05,2.2833312,-1.500468,2.2832568,1.4999713,2.2834353,-3.0005355,2.2831352,2.9994085
743,2.2871516,8.4519284e-05,2.2868497,-1.5004691,2.2867813,1.4999704,2.2869797,-3.000535,2.2866814,2.9994092
744,2.2906926,8.529679e-05,2.2903986,-1.5004686,2.290323,1.4999664,2.2905684,-3.0005333,2.2902548,2.999409
745,2.2942152,8.47642e-05,2.2939806,-1.5004662,2.2939045,1.4999727,2.29411,-3.0005352,2.2937975,2.99941
746,2.2977607,8.085524e-05,2.297524,-1.5004681,2.297447,1.4999686,2.297632,-3.0005383,2.297318,2.9994082
747,2.3013368,8.683097e-05,2.3010466,-1.5004706,2.3009677,1.499967,2.3011768,-3.0005448,2.3008604,2.9994068
748,2.3048794,8.307316e-05,2.3045917,-1.5004728,2.304513,1.4999646,2.304743,-3.00054,2.304455,2.999407
749,2.3083978,8.1545e-05,2.3081682,-1.5004706,2.3080707,1.4999616,2.3082874,-3.0005455,2.3079956,2.999406
750,2.311947,8.652583e-05,2.311709,-1.5004724,2.311616,1.4999682,2.3118067,-3.000548,2.3115182,2.9994044
751,2.31551,9.105251e-05,2.3152335,-1.5004755,2.3151321,1.4999712,2.3153524,-3.0005522,2.3150628,2.9994056
752,2.3190532,8.799862e-05,2.3187776,-1.5004811,2.31868,1.499973,2.3189101,-3.0005534,2.318648,2.9994073
753,2.3225722,8.55984e-05,2.3223505,-1.5004772,2.3222609,1.4999743,2.3224535,-3.0005515,2.3221893,2.9994054
754,2.3261192,8.928276e-05,2.3258905,-1.5004829,2.325803,1.4999776,2.3259754,-3.0005515,2.3257122,2.999402
755,2.329697,9.1593414e-05,2.3294132,-1.5004871,2.3293233,1.4999776,2.3295205,-3.0005512,2.3292575,2.9993966
756,2.3332381,9.2917944e-05,2.3329575,-1.500491,2.3328707,1.4999804,2.3330915,-3.0005507,2.332824,2.9993985
757,2.3367622,9.363934e-05,2.3365178,-1.500491,2.3364537,1.4999839,2.3366356,-3.0005505,2.336363,2.999394
758,2.3403049,9.416105e-05,2.3400605,-1.5004915,2.3399956,1.4999834,2.3401563,-3.0005512,2.3398876,2.9993901
759,2.3438916,9.893122e-05,2.343584,-1.5004908,2.3435154,1.4999826,2.3437011,-3.0005512,2.3434315,2.999385
760,2.3474324,9.971427e-05,2.34713,-1.5004898,2.3470652,1.4999852,2.3472934,-3.0005488,2.3469796,2.999386
761,2.3509538,9.8408746e-05,2.3507023,-1.500488,2.3506246,1.4999874,2.3508346,-3.0005515,2.3505228,2.999387
762,2.354502,0.000101232545,2.354244,-1.5004891,2.354167,1.4999886,2.3543568,-3.0005548,2.3540418,2.999387
763,2.3580742,0.00010520166,2.3577669,-1.5004915,2.3576872,1.49999,2.357904,-3.0005543,2.357589,2.999387
764,2.3616173,0.00010642948,2.3613105,-1.5004972,2.361233,1.4999927,2.3614743,-3.000552,2.36116,2.9993875
765,2.3651388,0.00010600147,2.3648863,-1.5004925,2.3648083,1.4999946,2.3650181,-3.0005531,2.3647034,2.999388
766,2.3686864,0.000108590044,2.368429,-1.5004985,2.3683524,1.4999976,2.3685405,-3.0005555,2.3682232,2.9993863
767,2.3722694,0.00011294295,2.3719475,-1.5005022,2.371871,1.4999983,2.3720837,-3.0005608,2.371771,2.999388
768,2.3758116,0.00011223962,2.3754957,-1.5005006,2.3754191,1.5000006,2.3756642,-3.000556,2.375359,2.9993887
769,2.3793359,0.00011140104,2.3790555,-1.5005012,2.3790069,1.5000035,2.3792067,-3.0005615,2.3789053,2.9993925
770,2.38288,0.00011055203,2.3826005,-1.5004994,2.3825462,1.500003,2.382728,-3.0005658,2.3824232,2.9993923
771,2.3864584,0.00011418623,2.38612,-1.5005004,2.3860693,1.5000019,2.386272,-3.0005698,2.3859725,2.9993932
772,2.3899987,0.00011412432,2.3896658,-1.5004991,2.3896139,1.5000042,2.389833,-3.000569,2.3895185,2.9993942
773,2.393523,0.00011292741,2.3932602,-1.500497,2.3931932,1.5000062,2.3933752,-3.0005696,2.393063,2.9993951
774,2.397066,0.00010917558,2.3968,-1.5005,2.3967342,1.5000088,2.3968992,-3.0005693,2.3965805,2.9993937
775,2.4006383,0.00011576573,2.4003232,-1.5005035,2.4002485,1.5000077,2.4004447,-3.0005696,2.400124,2.9993918
776,2.4041796,0.00011191072,2.4038687,-1.5005094,2.4037933,1.5000097,2.4040124,-3.000568,2.403688,2.999393
777,2.4076989,0.00010980162,2.4074323,-1.500507,2.4073882,1.500014,2.407553,-3.0005684,2.40723,2.9993918
778,2.411247,0.00011414385,2.4109757,-1.5005113,2.410928,1.5000131,2.4110756,-3.000571,2.4107542,2.9993896
779,2.4148104,0.00011530655,2.4144995,-1.500514,2.414451,1.5000112,2.41462,-3.0005758,2.4142973,2.9993849
780,2.4183538,0.00011907663,2.4180439,-1.5005178,2.4179964,1.5000064,2.4181955,-3.0005748,2.41787,2.9993901
781,2.421875,0.00012071417,2.4216106,-1.5005184,2.421536,1.5000075,2.4217381,-3.0005765,2.4214106,2.9993849
782,2.4254174,0.00012218542,2.425155,-1.5005171,2.425079,1.5000116,2.4252603,-3.0005798,2.42493,2.999382
783,2.4290144,0.00012681523,2.4286761,-1.500516,2.4285989,1.5000148,2.4288046,-3.0005808,2.428478,2.999382
784,2.4325535,0.00012580093,2.432222,-1.5005151,2.4321454,1.5000179,2.4323876,-3.0005774,2.4320335,2.999382
785,2.4360774,0.00012357793,2.4358046,-1.500515,2.4357166,1.5000201,2.4359307,-3.0005789,2.4355743,2.9993813
786,2.439623,0.000125396,2.4393468,-1.5005144,2.439257,1.5000229,2.4394536,-3.0005817,2.4390974,2.999377
787,2.443191,0.00012715536,2.44287,-1.5005149,2.44278,1.5000241,2.4429982,-3.000587,2.4426463,2.9993782
788,2.446734,0.00013074643,2.446412,-1.5005151,2.4463212,1.5000247,2.4465764,-3.0005822,2.4462073,2.99938
789,2.4502556,0.00013284906,2.4500027,-1.5005127,2.4499042,1.500028,2.4501178,-3.0005882,2.4497502,2.999378
790,2.4538007,0.00013520743,2.4535434,-1.5005139,2.4534445,1.5000277,2.4536362,-3.000592,2.4532738,2.9993763
791,2.4573905,0.0001392612,2.457064,-1.5005174,2.4569695,1.5000271,2.4571848,-3.0005898,2.4568193,2.9993732
792,2.4609294,0.0001391448,2.4606123,-1.5005172,2.4605145,1.5000238,2.4607375,-3.0005908,2.4603927,2.999376
793,2.4644518,0.0001374968,2.4641826,-1.5005153,2.4640863,1.5000293,2.464285,-3.0005877,2.4639294,2.999372
794,2.468,0.00014059781,2.4677262,-1.5005158,2.4676244,1.5000253,2.467802,-3.000589,2.4674575,2.9993682
795,2.4715724,0.0001444631,2.4712486,-1.500518,2.4711485,1.5000215,2.4713514,-3.000588,2.470999,2.999363
796,2.475116,0.00014456095,2.4747934,-1.5005227,2.474692,1.5000209,2.474944,-3.000585,2.474557,2.9993658
797,2.4786375,0.00014399283,2.478372,-1.5005215,2.478246,1.5000226,2.4784853,-3.0005875,2.4780939,2.9993608
798,2.4821825,0.00014628508,2.481914,-1.5005231,2.4817884,1.5000238,2.4820087,-3.000591,2.481613,2.9993577
799,2.4857712,0.00015070048,2.4854362,-1.5005261,2.4853077,1.5000249,2.4855528,-3.000597,2.4851563,2.9993532
800,2.4893126,0.00015006796,2.4889812,-1.500527,2.4888504,1.5000272,2.4891205,-3.0005932,2.4887257,2.9993515
801,2.4928353,0.00014839103,2.4925632,-1.5005244,2.492448,1.5000308,2.492662,-3.0005984,2.4922662,2.9993527
802,2.4963808,0.00014596301,2.4961047,-1.5005257,2.4959888,1.5000315,2.4961824,-3.0006022,2.4957914,2.9993534
803,2.4999497,0.0001488876,2.499629,-1.5005285,2.4995103,1.5000309,2.4997296,-3.0006003,2.499335,2.9993536
804,2.5034904,0.00014799318,2.5031726,-1.5005338,2.5030575,1.5000268,2.5032916,-3.0006013,2.50292,2.999355
805,2.5070152,0.0001481167,2.50675,-1.5005288,2.5066159,1.5000267,2.506837,-3.0006,2.50646,2.9993567
806,2.5105586,0.00015003516,2.5102925,-1.5005345,2.510156,1.5000314,2.5103567,-3.0006003,2.5099823,2.9993558
807,2.5141354,0.00015271318,2.5138094,-1.500539,2.513679,1.5000354,2.513902,-3.0005991,2.5135248,2.9993553
808,2.5176766,0.00015475834,2.5173583,-1.500537,2.5172257,1.5000389,2.517495,-3.0005965,2.5171022,2.9993548
809,2.5212004,0.00015598547,2.5209172,-1.500538,2.5208075,1.5000415,2.5210342,-3.0005994,2.5206444,2.9993572
810,2.5247414,0.00015794455,2.5244622,-1.5005366,2.524349,1.5000448,2.524559,-3.0006025,2.5241623,2.9993553
811,2.5283344,0.00016233514,2.527983,-1.500537,2.5278702,1.5000459,2.528102,-3.000608,2.5277133,2.999356
812,2.5318725,0.00016230321,2.5315266,-1.5005375,2.5314145,1.5000465,2.5316713,-3.0006037,2.5312989,2.9993587
813,2.5353973,0.00016038591,2.53512,-1.5005349,2.5349965,1.5000504,2.535214,-3.0006096,2.534838,2.9993558
814,2.5389442,0.00016112521,2.538659,-1.5005382,2.5385387,1.50005,2.5387328,-3.0006137,2.5383646,2.9993532
815,2.5425076,0.0001625988,2.542182,-1.5005425,2.5420616,1.5000492,2.54228,-3.0006166,2.5419068,2.9993477
816,2.5460482,0.0001664539,2.5457292,-1.5005428,2.545606,1.5000461,2.5458415,-3.0006187,2.545476,2.9993515
817,2.5495694,0.00016763387,2.549296,-1.500542,2.5491748,1.5000474,2.5493872,-3.0006142,2.5490165,2.999346
818,2.5531137,0.0001688959,2.5528386,-1.5005428,2.5527177,1.5000497,2.5529058,-3.0006099,2.5525377,2.9993424
819,2.5566988,0.00017272025,2.5563612,-1.5005442,2.5562372,1.5000523,2.556452,-3.0006077,2.5560858,2.999343
820,2.5602398,0.00017384576,2.5599036,-1.5005441,2.5597847,1.5000545,2.560033,-3.000608,2.5596411,2.9993432
821,2.563762,0.00017325816,2.5634987,-1.5005414,2.5633688,1.5000571,2.5635755,-3.0006053,2.563185,2.9993439
822,2.5673063,0.00016942796,2.567039,-1.5005441,2.5669088,1.5000583,2.5670955,-3.0006058,2.5667078,2.999342
823,2.5708773,0.0001756605,2.570564,-1.5005473,2.5704346,1.5000588,2.5706418,-3.000605,2.5702527,2.9993386
824,2.5744195,0.0001719351,2.5741074,-1.5005525,2.573979,1.5000594,2.574229,-3.0006032,2.573822,2.9993384
825,2.5779371,0.0001700946,2.577675,-1.5005481,2.5775445,1.5000633,2.5777678,-3.0006056,2.5773602,2.9993384
826,2.5814872,0.0001744495,2.581218,-1.5005538,2.5810823,1.5000634,2.5812912,-3.0006096,2.5808852,2.9993367
827,2.5850477,0.00017649644,2.5847378,-1.5005575,2.584604,1.5000627,2.5848384,-3.0006106,2.5844305,2.9993315
828,2.58859,0.00017912823,2.5882847,-1.5005567,2.5881488,1.500065,2.5884035,-3.0006118,2.5880072,2.9993348
829,2.5921123,0.00018023644,2.591845,-1.5005578,2.591733,1.5000678,2.5919473,-3.0006092,2.591549,2.9993324
830,2.595658,0.00018295296,2.59539,-1.5005558,2.5952756,1.5000705,2.5954673,-3.0006094,2.5950785,2.9993331
831,2.599247,0.00018701002,2.5989103,-1.5005559,2.5987978,1.5000716,2.599012,-3.0006092,2.5986257,2.9993343
832,2.602786,0.00018732615,2.6024542,-1.5005563,2.6023417,1.5000746,2.6026063,-3.0006082,2.6021538,2.999336
833,2.6063101,0.00018651012,2.606049,-1.5005535,2.605926,1.5000786,2.6061456,-3.000611,2.6056895,2.9993343
834,2.6098561,0.00018223631,2.6095898,-1.5005562,2.6094656,1.5000783,2.6096697,-3.0006144,2.609209,2.9993317
835,2.6134255,0.0001878053,2.61311,-1.5005597,2.6129897,1.5000776,2.613214,-3.0006201,2.6127548,2.9993339
836,2.6169682,0.0001835221,2.616657,-1.50056,2.6165361,1.5000798,2.6167803,-3.0006168,2.6162932,2.9993336
837,2.6204877,0.00018035513,2.6202261,-1.5005578,2.620113,1.5000838,2.6203234,-3.000622,2.6198168,2.9993312
838,2.6240366,0.00018514122,2.6237702,-1.5005597,2.6236558,1.5000838,2.623844,-3.0006251,2.6233625,2.9993265
839,2.6276038,0.00018620929,2.6272933,-1.5005623,2.627175,1.5000823,2.627389,-3.0006275,2.626914,2.9993265
840,2.6311479,0.00018975434,2.6308367,-1.5005658,2.6307225,1.500085,2.6309521,-3.0006292,2.630455,2.9993272
841,2.6346662,0.00019096304,2.6344187,-1.5005633,2.634283,1.500088,2.6344995,-3.0006247,2.6339736,2.9993262
842,2.6382146,0.00019353305,2.6379588,-1.5005656,2.637826,1.5000894,2.6380188,-3.0006208,2.6375148,2.9993243
843,2.6418066,0.00019751824,2.641483,-1.5005691,2.6413434,1.5000892,2.6415632,-3.0006206,2.641101,2.999325
844,2.645346,0.00019649536,2.6450276,-1.5005746,2.6448917,1.5000925,2.6451538,-3.0006192,2.6446404,2.9993224
845,2.6488688,0.0001951227,2.6485932,-1.5005732,2.6484728,1.5000949,2.6486964,-3.00062,2.6481664,2.9993198
846,2.6524158,0.00019769918,2.6521354,-1.5005758,2.652013,1.5000985,2.652219,-3.000621,2.6517117,2.9993145
847,2.6559877,0.00020195817,2.655656,-1.5005777,2.6555345,1.5001005,2.6557624,-3.0006223,2.65526,2.9993134
848,2.6595302,0.00020238665,2.6592026,-1.5005769,2.6590803,1.5001025,2.659349,-3.0006192,2.6588042,2.9993186
849,2.6630526,0.00020161021,2.6627836,-1.5005748,2.6626387,1.5001057,2.6628914,-3.0006223,2.6623251,2.999323
850,2.6665998,0.00020466791,2.6663258,-1.5005771,2.6661797,1.5001098,2.6664133,-3.0006256,2.6658726,2.9993238
851,2.6701856,0.0002089882,2.6698484,-1.5005798,2.6697009,1.5001109,2.6699595,-3.000631,2.6694527,2.999324
852,2.6737266,0.0002089188,2.6733923,-1.5005847,2.6732504,1.5001132,2.6735222,-3.00063,2.6729946,2.9993236
853,2.6772478,0.00020781651,2.676973,-1.500581,2.6768095,1.5001158,2.677065,-3.000633,2.6765163,2.9993215
854,2.680794,0.0002094401,2.680514,-1.5005867,2.6803539,1.50012,2.6805875,-3.0006347,2.6800587,2.999322
855,2.6843643,0.00021356749,2.684035,-1.5005907,2.6838713,1.5001215,2.6841354,-3.0006342,2.6836514,2.999322
856,2.6879077,0.00021420946,2.6875803,-1.5005947,2.687421,1.5001242,2.687702,-3.0006354,2.6871917,2.9993238
857,2.6914313,0.00021381053,2.6911354,-1.5005964,2.6910074,1.5001289,2.6912475,-3.000633,2.6907146,2.9993227
858,2.6949742,0.00021029575,2.694681,-1.5005934,2.694547,1.5001297,2.6947672,-3.000633,2.6942568,2.999321
859,2.6985595,0.00021684174,2.6982014,-1.5005922,2.698068,1.5001279,2.6983128,-3.0006318,2.6978338,2.9993193
860,2.7020986,0.00021316286,2.701746,-1.5005918,2.7016153,1.5001311,2.7019062,-3.0006297,2.7013779,2.999321
861,2.7056196,0.00021134719,2.7053213,-1.5005907,2.7051823,1.5001342,2.705447,-3.000632,2.7048976,2.9993186
862,2.709166,0.00021465532,2.708862,-1.5005901,2.708726,1.5001355,2.708967,-3.0006356,2.7084382,2.9993167
863,2.7127256,0.0002160306,2.712385,-1.500591,2.7122424,1.5001347,2.7125134,-3.0006359,2.712018,2.9993174
864,2.71627,0.00021993494,2.7159278,-1.5005931,2.7157855,1.5001366,2.7160835,-3.0006335,2.7155585,2.9993157
865,2.7197907,0.00022143686,2.7195127,-1.500592,2.719381,1.5001405,2.7196262,-3.0006342,2.719082,2.9993136
866,2.7233336,0.00022401486,2.7230527,-1.5005937,2.7229207,1.5001407,2.7231479,-3.0006359,2.7226257,2.999311
867,2.7269256,0.00022827173,2.7265759,-1.5005969,2.7264457,1.5001402,2.7266939,-3.0006351,2.7261996,2.999311
868,2.730464,0.00022766399,2.7301207,-1.5006026,2.7299879,1.5001365,2.7302754,-3.000633,2.72974,2.9993112
869,2.7339892,0.0002267386,2.7336936,-1.5005984,2.7335591,1.5001429,2.733818,-3.0006354,2.7332642,2.999309
870,2.7375329,0.00022383551,2.7372346,-1.5006042,2.7370992,1.5001396,2.737341,-3.0006387,2.736804,2.999311
871,2.7411032,0.0002297282,2.740755,-1.5006081,2.7406216,1.5001383,2.7408853,-3.000642,2.7403977,2.999313
872,2.744644,0.0002261411,2.744301,-1.5006121,2.7441695,1.5001429,2.7444623,-3.000639,2.7439344,2.9993098
873,2.748165,0.0002246366,2.7478588,-1.500614,2.7477353,1.5001466,2.7480018,-3.0006433,2.7474627,2.9993055
874,2.7517107,0.00022756131,2.751402,-1.5006102,2.7512782,1.5001459,2.7515233,-3.0006478,2.7510064,2.9993
875,2.755272,0.00022969297,2.7549226,-1.5006083,2.7548025,1.5001453,2.755072,-3.0006456,2.7545717,2.9993024
876,2.7588143,0.00023265464,2.7584713,-1.5006076,2.7583468,1.5001451,2.7586324,-3.0006459,2.7581153,2.9992979
877,2.7623372,0.00023410273,2.762039,-1.500608,2.761933,1.5001491,2.7621775,-3.0006447,2.761634,2.9992952
878,2.7658827,0.00023696879,2.765583,-1.500607,2.7654746,1.5001489,2.7656965,-3.0006444,2.7651803,2.999296
879,2.7694674,0.00024077186,2.769103,-1.5006073,2.7689958,1.5001477,2.7692418,-3.0006447,2.7687626,2.9992957
880,2.7730074,0.00024115536,2.7726455,-1.500607,2.7725427,1.500144,2.7728345,-3.0006428,2.7723045,2.9992967
881,2.7765315,0.00024047095,2.7762418,-1.5006046,2.776106,1.5001479,2.7763755,-3.0006452,2.775828,2.9992955
882,2.7800765,0.00024170603,2.7797809,-1.5006076,2.779651,1.5001493,2.779897,-3.0006483,2.779371,2.999294
883,2.7836554,0.00024632242,2.7833045,-1.5006117,2.7831702,1.5001515,2.7834435,-3.0006485,2.7829542,2.9992962
884,2.7871978,0.00024611875,2.7868524,-1.5006115,2.7867174,1.5001546,2.787017,-3.0006464,2.786495,2.9992952
885,2.7907207,0.00024534145,2.7904153,-1.5006121,2.7902958,1.5001596,2.7905593,-3.0006468,2.790014,2.9992926
886,2.794267,0.0002473545,2.7939606,-1.5006102,2.7938373,1.5001596,2.7940812,-3.0006487,2.7935622,2.9992926
887,2.797844,0.00024964637,2.79748,-1.5006106,2.7973595,1.5001587,2.797625,-3.0006511,2.797131,2.9992957
888,2.8013873,0.00025232774,2.8010223,-1.5006113,2.8009062,1.5001622,2.8012075,-3.0006497,2.8006723,2.9992929
889,2.804908,0.00025374995,2.804618,-1.5006083,2.8044932,1.5001664,2.8047488,-3.0006523,2.8041983,2.9992907
890,2.8084512,0.00025586528,2.8081594,-1.5006114,2.8080335,1.5001665,2.808272,-3.0006554,2.8077388,2.9992874
891,2.8120465,0.00026095664,2.8116794,-1.5006157,2.8115554,1.5001656,2.811817,-3.0006604,2.8113189,2.999288
892,2.8155873,0.0002602531,2.8152275,-1.5006146,2.8151033,1.5001689,2.815393,-3.0006568,2.8148608,2.9992867
893,2.8191075,0.00025878195,2.8187933,-1.5006127,2.8186662,1.5001749,2.818934,-3.0006626,2.8183703,2.9992845
894,2.8226547,0.0002610685,2.8223367,-1.5006132,2.822212,1.5001758,2.8224564,-3.0006664,2.8219225,2.9992857
895,2.8262265,0.00026553482,2.8258607,-1.5006143,2.8257284,1.5001762,2.8260012,-3.0006707,2.82549,2.9992888
896,2.8297691,0.00026576064,2.8294032,-1.5006193,2.8292778,1.5001798,2.8295622,-3.0006702,2.8290384,2.9992845
897,2.8332915,0.00026543584,2.8329806,-1.5006181,2.832845,1.5001839,2.833108,-3.000671,2.8325543,2.9992802
898,2.8368375,0.00026786778,2.8365219,-1.5006198,2.8363864,1.5001848,2.8366292,-3.0006707,2.836101,2.9992814
899,2.840422,0.000272579,2.8400447,-1.5006227,2.839909,1.5001851,2.8401735,-3.0006695,2.8396962,2.9992838
900,2.8439627,0.0002728985,2.84359,-1.5006236,2.843453,1.5001878,2.8437536,-3.0006669,2.8432376,2.9992812
901,2.8474834,0.0002721787,2.8471732,-1.5006207,2.8470402,1.5001901,2.8472974,-3.0006683,2.8467581,2.9992776
902,2.8510303,0.00027485724,2.8507152,-1.5006227,2.8505807,1.5001941,2.850818,-3.0006711,2.850301,2.9992785
903,2.854604,0.00027897523,2.854237,-1.5006257,2.8541007,1.500195,2.854364,-3.0006728,2.8538857,2.9992795
904,2.8581464,0.00027947445,2.857784,-1.5006243,2.857646,1.5001969,2.8579366,-3.0006707,2.8574274,2.9992769
905,2.8616695,0.0002794679,2.8613648,-1.500622,2.8612254,1.500201,2.861478,-3.0006719,2.8609502,2.999274
906,2.8652146,0.00028014457,2.8649073,-1.5006245,2.8647676,1.5002016,2.8650005,-3.000675,2.8644936,2.9992743
907,2.8687947,0.00028359136,2.8684304,-1.5006273,2.8682878,1.5002011,2.8685458,-3.0006747,2.8680756,2.9992762
908,2.8723338,0.0002857339,2.871975,-1.500629,2.8718324,1.5001985,2.8721266,-3.0006719,2.8716192,2.9992754
909,2.8758562,0.0002856899,2.875553,-1.5006266,2.8754036,1.5002059,2.8756688,-3.000673,2.875139,2.9992733
910,2.8794017,0.00028801762,2.8790944,-1.5006276,2.878946,1.500203,2.879192,-3.0006754,2.878684,2.9992747
911,2.8829787,0.00029229885,2.8826172,-1.5006307,2.8824654,1.5002016,2.8827372,-3.0006814,2.882276,2.9992774
912,2.88652,0.00029354615,2.8861609,-1.5006366,2.8860123,1.5001998,2.886314,-3.0006764,2.885815,2.999274
913,2.8900418,0.00029317374,2.88973,-1.5006319,2.8895633,1.5001966,2.8898554,-3.0006824,2.8893356,2.9992697
914,2.8935866,0.00029586954,2.8932734,-1.5006375,2.893107,1.5002054,2.893374,-3.0006866,2.8928833,2.9992692
915,2.8971725,0.00030071748,2.8967934,-1.5006412,2.8966138,1.500213,2.8969204,-3.00069,2.896443,2.9992728
916,2.9007127,0.00030065235,2.9003382,-1.5006449,2.9001536,1.5002172,2.9004788,-3.000692,2.8999872,2.9992723
917,2.904238,0.0002999872,2.9038987,-1.5006454,2.9037328,1.5002216,2.9040236,-3.0006876,2.9034984,2.9992695
918,2.9077795,0.00029753693,2.9074445,-1.5006447,2.9072654,1.5002241,2.9075437,-3.0006855,2.907044,2.9992716
919,2.911359,0.00030193632,2.9109654,-1.5006446,2.910793,1.5002278,2.9110901,-3.0006852,2.9106157,2.999275
920,2.914899,0.0003012557,2.9145124,-1.5006433,2.914336,1.5002321,2.9146678,-3.0006852,2.9141514,2.9992726
921,2.9184246,0.0003004185,2.918099,-1.5006409,2.9178927,1.5002353,2.9182103,-3.0006845,2.9176733,2.9992692
922,2.9219685,0.00029834214,2.9216409,-1.5006429,2.9214394,1.5002391,2.921733,-3.0006852,2.9212182,2.9992652
923,2.9255433,0.00030141388,2.9251647,-1.5006467,2.9249568,1.5002412,2.9252741,-3.0006874,2.9247901,2.9992676
924,2.9290903,0.00030218085,2.9287088,-1.5006526,2.9285057,1.5002449,2.9288661,-3.0006855,2.9283319,2.9992654
925,2.932612,0.00030180305,2.9322746,-1.5006484,2.932093,1.5002496,2.9324074,-3.0006864,2.9318557,2.999262
926,2.9361548,0.0002979127,2.9358182,-1.5006537,2.935634,1.50025,2.9359283,-3.0006897,2.9353988,2.9992635
927,2.93974,0.00030400188,2.9393382,-1.5006567,2.9391563,1.5002499,2.9394758,-3.000689,2.938988,2.9992626
928,2.9432805,0.00030048244,2.9428833,-1.5006568,2.9427013,1.500247,2.9430454,-3.0006864,2.9425304,2.999264
929,2.9468024,0.000299057,2.9464478,-1.5006562,2.9462695,1.5002527,2.9465892,-3.0006871,2.9460433,2.9992616
930,2.950347,0.00029754615,2.9499905,-1.5006554,2.9498057,1.5002499,2.9501119,-3.0006895,2.9495947,2.9992623
931,2.9539106,0.00029941148,2.953512,-1.500656,2.9533327,1.5002486,2.953657,-3.0006945,2.9531739,2.9992638
932,2.9574552,0.00030167517,2.9570558,-1.5006564,2.9568758,1.500247,2.9572346,-3.0006933,2.9567137,2.9992628
933,2.9609761,0.0003027948,2.960643,-1.5006543,2.9604409,1.5002503,2.9607754,-3.0006957,2.9602394,2.99926
934,2.9645221,0.00030628167,2.9641848,-1.5006572,2.9639804,1.5002502,2.9643,-3.0006986,2.9637816,2.999261
935,2.9681144,0.0003107836,2.9677064,-1.5006607,2.9675038,1.5002513,2.9678438,-3.0007038,2.967374,2.9992619
936,2.9716537,0.00031051598,2.9712522,-1.5006609,2.9710476,1.5002552,2.9714177,-3.000699,2.9709156,2.9992604
937,2.9751766,0.00030917837,2.974828,-1.5006583,2.9746227,1.5002601,2.9749596,-3.0007048,2.9744394,2.9992576
938,2.978722,0.00031073714,2.9783716,-1.5006598,2.978166,1.500262,2.9784803,-3.0007088,2.9779866,2.999259
939,2.9822922,0.0003154589,2.9818933,-1.5006628,2.9816856,1.5002633,2.9820247,-3.0007136,2.9815652,2.999261
940,2.985836,0.00031630223,2.9854372,-1.5006629,2.9852288,1.5002664,2.985583,-3.0007145,2.9851077,2.9992585
941,2.989357,0.00031593879,2.989023,-1.5006608,2.988808,1.5002698,2.989124,-3.000713,2.9886324,2.999256
942,2.992903,0.00031862975,2.9925637,-1.5006628,2.9923506,1.5002723,2.9926462,-3.000713,2.9921768,2.9992561
943,2.9964912,0.00032319126,2.9960873,-1.5006657,2.9958704,1.5002737,2.9961941,-3.0007133,2.995767,2.9992583
944,3.0000312,0.00032341192,2.9996343,-1.5006665,2.9994152,1.5002767,2.9997604,-3.000713,2.9993095,2.999256
945,3.0035558,0.00032245013,3.0032053,-1.5006669,3.0030026,1.5002818,3.0033052,-3.000712,3.0028317,2.9992516
946,3.0071,0.00031870455,3.0067468,-1.5006653,3.006543,1.5002835,3.0068252,-3.0007124,3.0063756,2.9992507
947,3.0106707,0.00032532806,3.010269,-1.500666,3.010066,1.5002837,3.0103686,-3.0007129,3.009953,2.9992528
948,3.0142126,0.0003219794,3.013813,-1.5006658,3.0136108,1.5002805,3.0139637,-3.0007098,3.0134947,2.9992518
949,3.017733,0.00032056874,3.0174034,-1.5006642,3.0171688,1.5002831,3.017505,-3.0007122,3.0170174,2.9992487
950,3.02128,0.0003239272,3.0209417,-1.5006666,3.0207102,1.5002855,3.021026,-3.000716,3.0205617,2.9992495
951,3.0248437,0.00032626127,3.024467,-1.5006697,3.024236,1.500288,3.0245721,-3.000716,3.0241504,2.9992514
952,3.0283864,0.0003292708,3.0280108,-1.5006752,3.0277796,1.5002906,3.0281446,-3.0007133,3.0276935,2.9992504
953,3.0319076,0.00033080153,3.031578,-1.500671,3.0313554,1.5002937,3.031687,-3.0007145,3.0312119,2.999248
954,3.0354493,0.000333066,3.0351193,-1.5006769,3.034895,1.5002984,3.0352101,-3.0007164,3.03476,2.9992485
955,3.03904,0.0003379231,3.0386412,-1.5006807,3.0384164,1.500299,3.0387545,-3.0007217,3.0383294,2.9992507
956,3.042581,0.00033726066,3.0421853,-1.500685,3.0419643,1.5003027,3.0423355,-3.000717,3.0418725,2.999251
957,3.0461044,0.00033628152,3.0457451,-1.5006847,3.0455496,1.5003065,3.0458784,-3.0007224,3.045393,2.9992485
958,3.0496492,0.00033383112,3.049288,-1.5006852,3.049092,1.5003098,3.049397,-3.0007262,3.0489326,2.9992502
959,3.0532205,0.0003374646,3.0528114,-1.5006859,3.0525932,1.5003096,3.0529435,-3.0007303,3.0524764,2.99925
960,3.0567627,0.00033702885,3.0563538,-1.5006887,3.0561423,1.5003142,3.056501,-3.0007327,3.0560007,2.999251
961,3.060286,0.00033754986,3.0599248,-1.5006864,3.0596979,1.5003145,3.060044,-3.0007288,3.0595107,2.9992518
962,3.0638325,0.00034108217,3.0634668,-1.5006888,3.0632365,1.5003204,3.0635657,-3.0007265,3.0630708,2.9992535
963,3.0674126,0.00034421607,3.066989,-1.5006909,3.06676,1.5003242,3.0671108,-3.000726,3.0665944,2.9992537
964,3.0709538,0.00034591614,3.0705347,-1.5006909,3.0703042,1.5003277,3.0706854,-3.0007262,3.0701253,2.999254
965,3.074476,0.00034705078,3.0741146,-1.5006893,3.073896,1.500331,3.0742288,-3.0007253,3.0736601,2.9992537
966,3.0780213,0.00034988366,3.0776567,-1.5006907,3.0774379,1.5003358,3.0777502,-3.0007255,3.0772219,2.9992568
967,3.0816073,0.00035471737,3.08118,-1.5006934,3.0809581,1.5003386,3.0812948,-3.000725,3.0807648,2.9992561
968,3.085149,0.00035494994,3.084723,-1.5006994,3.0845037,1.5003415,3.0848868,-3.0007222,3.084285,2.999254
969,3.0886683,0.0003539826,3.0882988,-1.5006948,3.088081,1.500346,3.0884283,-3.0007248,3.0878272,2.999256
970,3.0922177,0.00035692222,3.0918412,-1.5007004,3.091623,1.5003476,3.0919507,-3.0007281,3.0914211,2.9992566
971,3.0957956,0.000361456,3.0953627,-1.5007043,3.0951455,1.5003482,3.0954964,-3.0007334,3.094959,2.9992595
972,3.0993366,0.0003618144,3.0989068,-1.5007083,3.0986903,1.5003455,3.099059,-3.000733,3.098478,2.999259
973,3.1028624,0.0003615786,3.1024692,-1.5007081,3.1022613,1.5003519,3.1026003,-3.000735,3.102022,2.9992595
974,3.1064045,0.00035930605,3.1060133,-1.500709,3.1058028,1.50035,3.1061225,-3.0007377,3.1055994,2.9992604
975,3.109986,0.00036692474,3.1095345,-1.500711,3.109322,1.5003499,3.1096706,-3.000737,3.1091375,2.9992619
976,3.1135266,0.0003638016,3.1130805,-1.5007101,3.1128714,1.5003564,3.1132498,-3.0007348,3.1126618,2.99926
977,3.1170454,0.0003618514,3.1166644,-1.5007077,3.116436,1.5003588,3.1167939,-3.000737,3.1162026,2.9992607
978,3.1205924,0.000360363,3.120204,-1.50071,3.1199777,1.5003624,3.1203156,-3.0007396,3.1197965,2.9992619
979,3.1241438,0.00036069815,3.1237295,-1.5007135,3.1235003,1.5003643,3.1238608,-3.000741,3.1233351,2.9992642
980,3.1276917,0.00036875258,3.1272721,-1.5007191,3.1270435,1.5003655,3.1274366,-3.000741,3.1268585,2.9992638
981,3.1312091,0.00037428312,3.1308434,-1.5007148,3.1306183,1.500369,3.1309793,-3.000739,3.1303866,2.9992645
982,3.134756,0.00037672528,3.1343853,-1.5007206,3.1341481,1.5003726,3.1345007,-3.000739,3.1339684,2.9992645
983,3.138331,0.00037952367,3.1379042,-1.5007242,3.1376755,1.5003735,3.1380439,-3.00074,3.1375053,2.9992702
984,3.1418731,0.0003839176,3.1414523,-1.500722,3.1412206,1.5003749,3.141635,-3.0007389,3.1410255,2.999275
985,3.1453936,0.00038570852,3.1450145,-1.500722,3.1447837,1.5003786,3.145173,-3.0007415,3.1445692,2.9992769
986,3.1489408,0.00038919697,3.148558,-1.500722,3.1483245,1.5003842,3.1486986,-3.000745,3.148159,2.9992783
987,3.1525257,0.00039377576,3.1520796,-1.500723,3.1518424,1.5003856,3.1522422,-3.0007508,3.1516938,2.9992805
988,3.1560667,0.00039396377,3.1556246,-1.500721,3.15539,1.5003884,3.155806,-3.000746,3.1552198,2.999281
989,3.1595893,0.0003931656,3.1592197,-1.500719,3.1589656,1.5003912,3.1593494,-3.0007508,3.1587615,2.9992816
990,3.1631334,0.0003953075,3.1627612,-1.5007216,3.1625087,1.5003963,3.1628687,-3.000754,3.1623461,2.9992828
991,3.1667159,0.00040020506,3.1662815,-1.5007254,3.1660287,1.5003996,3.1664157,-3.0007539,3.16589,2.9992857
992,3.1702561,0.00040031166,3.1698282,-1.5007255,3.169574,1.5004035,3.1699746,-3.0007548,3.1694052,2.9992852
993,3.173779,0.00039913927,3.1733992,-1.5007228,3.1731582,1.5004084,3.1735191,-3.000753,3.17295,2.9992857
994,3.1773243,0.00040115492,3.176943,-1.5007244,3.176697,1.5004089,3.1770387,-3.000753,3.1765437,2.9992862
995,3.1809087,0.00040621465,3.180467,-1.500727,3.1802218,1.5004092,3.1805816,-3.0007536,3.1800823,2.999288
996,3.18445,0.0004075929,3.1840103,-1.5007317,3.183767,1.5004084,3.1841764,-3.0007505,3.183606,2.999287
997,3.1879728,0.00040711396,3.1875944,-1.5007272,3.1873324,1.5004094,3.1877184,-3.0007532,3.18715,2.9992871
998,3.1915176,0.00040960923,3.1911352,-1.500733,3.190873,1.5004166,3.1912372,-3.000757,3.1907399,2.9992883
999,3.1951025,0.00041439175,3.1946552,-1.5007371,3.1943922,1.5004231,3.1947865,-3.0007567,3.1942778,2.9992917
1000,3.1986432,0.0004153439,3.198202,-1.5007409,3.197939,1.5004275,3.198356,-3.0007546,3.1977992,2.9992924
1001,3.2021663,0.00041534897,3.2017574,-1.5007424,3.2015157,1.5004312,3.2018995,-3.0007555,3.2013452,2.9992933
1002,3.2057118,0.00041204423,3.2053025,-1.500738,3.2050583,1.500436,3.205422,-3.0007577,3.204928,2.9992945
1003,3.209288,0.00041900505,3.2088223,-1.500736,3.2085772,1.500439,3.2089653,-3.000763,3.208466,2.9992967
1004,3.2128284,0.00041561289,3.2123685,-1.5007352,3.2121232,1.5004423,3.2125473,-3.00076,3.2119884,2.999296
1005,3.2163496,0.00041424067,3.2159386,-1.5007355,3.2156987,1.5004475,3.2160883,-3.0007641,3.2155333,2.9992964
1006,3.219895,0.0004129224,3.219482,-1.5007339,3.2192416,1.5004482,3.2196114,-3.0007682,3.2191186,2.999298
1007,3.2234542,0.0004146687,3.2230022,-1.500734,3.2227652,1.5004494,3.223156,-3.0007725,3.2226565,2.999301
1008,3.2270014,0.0004182586,3.2265456,-1.5007348,3.2263112,1.5004514,3.2267234,-3.000772,3.226178,2.9993002
1009,3.2305222,0.0004213836,3.2301373,-1.5007328,3.2298806,1.5004523,3.2302685,-3.0007734,3.229723,2.9993005
1010,3.2340658,0.00042440178,3.2336771,-1.5007354,3.2334235,1.5004585,3.2337909,-3.000776,3.2333167,2.9993021
1011,3.237656,0.00042937475,3.2372007,-1.5007389,3.2369423,1.5004606,3.2373347,-3.0007782,3.2368555,2.9993036
1012,3.2411954,0.0004291554,3.240746,-1.500744,3.2404864,1.5004637,3.240918,-3.0007758,3.2403765,2.9993026
1013,3.2447195,0.0004282925,3.2443116,-1.5007415,3.2440724,1.5004684,3.244457,-3.0007775,3.2439246,2.9993045
1014,3.2482672,0.00043106618,3.2478545,-1.5007458,3.247614,1.5004708,3.2479806,-3.000781,3.2475157,2.999307
1015,3.2518404,0.00043436102,3.2513752,-1.5007492,3.2511332,1.500471,3.2515252,-3.0007877,3.2510576,2.9993057
1016,3.2553818,0.00043739268,3.2549233,-1.5007484,3.254681,1.5004743,3.2550907,-3.000784,3.2545784,2.9993033
1017,3.2589033,0.00043838206,3.2584949,-1.5007476,3.258256,1.5004785,3.2586334,-3.0007896,3.258121,2.9993033
1018,3.2624485,0.00044163197,3.2620368,-1.5007467,3.2617974,1.5004814,3.2621543,-3.0007932,3.261694,2.9993045
1019,3.2660396,0.00044640191,3.2655592,-1.5007477,3.265317,1.5004818,3.2656991,-3.0007975,3.2652373,2.9993072
1020,3.2695787,0.00044751875,3.2691011,-1.5007503,3.2688653,1.5004857,3.2692595,-3.0007966,3.2687554,2.9993067
1021,3.2731016,0.00044705023,3.2726934,-1.5007485,3.2724438,1.5004907,3.272801,-3.0007985,3.272302,2.9993064
1022,3.2766457,0.00044343364,3.2762325,-1.5007508,3.275987,1.5004929,3.2763252,-3.0007982,3.2758899,2.9993072
1023,3.2802088,0.00045030465,3.2797558,-1.5007544,3.2795076,1.5004936,3.2798693,-3.0007982,3.2794313,2.9993093
1024,3.2837517,0.00044748213,3.2833018,-1.500755,3.2830522,1.5004913,3.2834373,-3.0007977,3.2829485,2.9993088
1025,3.2872727,0.00044689098,3.286873,-1.5007526,3.2866278,1.5004988,3.2869792,-3.000796,3.2864943,2.9993098
1026,3.2908182,0.0004472707,3.2904165,-1.5007538,3.2901666,1.5004957,3.290501,-3.0007958,3.2900798,2.9993107
1027,3.2943761,0.0004449055,3.293939,-1.5007563,3.293686,1.5004946,3.294044,-3.0007968,3.2936227,2.9993117
1028,3.2979221,0.00045459287,3.2974818,-1.500762,3.2972357,1.5005012,3.2976325,-3.0007956,3.297144,2.9993112
1029,3.3014386,0.00046219918,3.3010635,-1.5007572,3.3007898,1.5005081,3.3011718,-3.0007982,3.3006873,2.999311
1030,3.304987,0.00046482673,3.3046052,-1.5007628,3.3043332,1.5005059,3.3046956,-3.0008013,3.3042731,2.9993114
1031,3.308561,0.00046778246,3.3081255,-1.500766,3.307854,1.5005045,3.3082407,-3.0008073,3.3078132,2.9993136
1032,3.3121011,0.0004701039,3.3116698,-1.5007707,3.3113973,1.5005034,3.3118095,-3.0008042,3.3113334,2.9993126
1033,3.3156247,0.00047025984,3.3152273,-1.5007714,3.3149679,1.5005077,3.3153524,-3.000809,3.3148823,2.999314
1034,3.3191702,0.00047029773,3.3187706,-1.5007702,3.3185117,1.5005095,3.3188741,-3.0008125,3.318476,2.9993162
1035,3.3227453,0.00047290238,3.3222933,-1.5007695,3.3220322,1.5005099,3.3224177,-3.0008173,3.3220174,2.9993188
1036,3.3262877,0.00047426252,3.3258393,-1.5007681,3.3255787,1.5005065,3.325987,-3.000816,3.3255377,2.9993186
1037,3.3298118,0.0004743528,3.3294132,-1.5007662,3.32915,1.5005114,3.32953,-3.0008204,3.3290849,2.9993198
1038,3.333354,0.0004713179,3.332954,-1.5007677,3.3326912,1.5005128,3.3330507,-3.0008245,3.3326738,2.9993205
1039,3.3369386,0.0004784261,3.336477,-1.5007707,3.3362126,1.5005163,3.336599,-3.0008237,3.3362176,2.9993215
1040,3.340481,0.00047537067,3.3400223,-1.5007721,3.3397586,1.5005202,3.3401728,-3.0008242,3.339736,2.9993207
1041,3.3439991,0.00047381135,3.3436003,-1.5007695,3.3433254,1.5005236,3.3437173,-3.000823,3.3432813,2.9993222
1042,3.3475459,0.00047261114,3.3471427,-1.5007715,3.3468664,1.5005287,3.3472388,-3.0008237,3.3468726,2.999323
1043,3.351106,0.00047448842,3.3506665,-1.5007735,3.3503869,1.5005314,3.3507826,-3.0008225,3.35041,2.999324
1044,3.3546493,0.00047735497,3.3542094,-1.5007783,3.3539324,1.5005351,3.3543768,-3.0008204,3.3539321,2.9993238
1045,3.3581731,0.00047986588,3.3577912,-1.5007731,3.3575027,1.5005391,3.3579173,-3.0008233,3.3574765,2.9993248
1046,3.3617182,0.00048374943,3.3613331,-1.5007786,3.361045,1.5005406,3.3614373,-3.0008268,3.3610685,2.999327
1047,3.3653023,0.0004872762,3.36485,-1.5007827,3.3645637,1.5005411,3.3649843,-3.0008264,3.364607,2.999326
1048,3.3688428,0.00049104315,3.3683991,-1.5007809,3.3681142,1.5005461,3.3685527,-3.0008245,3.3681278,2.9993224
1049,3.3723655,0.00049254036,3.3719535,-1.5007818,3.3716893,1.500551,3.372095,-3.0008252,3.3716736,2.9993234
1050,3.37591,0.0004934496,3.3755016,-1.5007789,3.375232,1.5005512,3.375618,-3.0008276,3.3752534,2.9993248
1051,3.3794887,0.00049596763,3.379018,-1.5007786,3.3787553,1.500552,3.379161,-3.000833,3.3787937,2.9993258
1052,3.383031,0.0004972861,3.3825636,-1.5007784,3.382303,1.5005562,3.3827405,-3.0008283,3.382316,2.9993258
1053,3.3865526,0.00049746817,3.3861585,-1.5007758,3.3858786,1.5005581,3.3862824,-3.000834,3.3858604,2.9993272
1054,3.3900995,0.00050048303,3.3896987,-1.5007782,3.3894205,1.5005633,3.3898013,-3.0008383,3.3894515,2.9993298
1055,3.3936875,0.00050509954,3.3932202,-1.5007819,3.3929405,1.5005652,3.393347,-3.0008423,3.3929913,2.9993286
1056,3.3972278,0.0005061551,3.396767,-1.5007819,3.3964865,1.5005684,3.396906,-3.0008445,3.3965127,2.9993265
1057,3.4007509,0.00050558924,3.400338,-1.50078,3.4000719,1.500572,3.4004493,-3.0008411,3.4000597,2.999327
1058,3.4042935,0.00050197484,3.4038813,-1.5007805,3.4036129,1.5005763,3.4039717,-3.0008383,3.403625,2.9993281
1059,3.407861,0.0005090318,3.4074044,-1.5007823,3.4071352,1.5005786,3.4075172,-3.000836,3.407167,2.999328
1060,3.411404,0.0005060791,3.410948,-1.5007861,3.4106774,1.5005807,3.4110935,-3.0008354,3.4106915,2.9993265
1061,3.414922,0.0005054,3.4145336,-1.5007855,3.4142623,1.5005857,3.4146385,-3.0008335,3.4142318,2.9993227
1062,3.4184723,0.00051033875,3.4180748,-1.5007871,3.4178061,1.5005862,3.4181578,-3.000834,3.4178157,2.999326
1063,3.4220376,0.0005126822,3.4215975,-1.5007902,3.421325,1.5005862,3.4217021,-3.000833,3.4213555,2.9993243
1064,3.4255831,0.00051714864,3.4251435,-1.5007904,3.4248753,1.5005907,3.4252927,-3.0008307,3.4248774,2.999322
1065,3.4291012,0.0005189219,3.4287276,-1.5007887,3.428446,1.500596,3.4288328,-3.0008333,3.4284241,2.9993236
1066,3.432645,0.00051970343,3.4322684,-1.5007893,3.4319901,1.5005981,3.432356,-3.000837,3.4320054,2.999325
1067,3.4362347,0.00052486605,3.4357917,-1.5007919,3.4355109,1.5005989,3.435902,-3.0008376,3.435546,2.9993265
1068,3.4397733,0.0005240782,3.4393356,-1.5007974,3.4390566,1.5006032,3.4394763,-3.000835,3.4390702,2.9993262
1069,3.4432971,0.00052325305,3.442909,-1.5007964,3.4426389,1.5006089,3.4430182,-3.0008361,3.4426165,2.999328
1070,3.4468431,0.0005257149,3.4464505,-1.5007983,3.446183,1.5006104,3.446542,-3.000839,3.4462035,2.9993305
1071,3.450413,0.0005282821,3.449974,-1.500801,3.4497046,1.5006113,3.4500854,-3.0008445,3.4497457,2.9993303
1072,3.4539557,0.0005324769,3.4535182,-1.5008066,3.4532483,1.5006089,3.453665,-3.000839,3.4532669,2.9993286
1073,3.4574766,0.0005347306,3.4570978,-1.5008019,3.4568236,1.5006181,3.4572072,-3.0008445,3.456812,2.9993286
1074,3.461021,0.0005372666,3.4606402,-1.5008082,3.4603639,1.5006155,3.4607255,-3.0008488,3.4603846,2.9993315
1075,3.46461,0.00054261554,3.464161,-1.5008128,3.4638846,1.5006151,3.4642746,-3.0008473,3.463926,2.999331
1076,3.4681501,0.0005419352,3.467705,-1.5008175,3.4674327,1.5006193,3.467831,-3.0008483,3.4674466,2.9993298
1077,3.4716718,0.00054077624,3.4712594,-1.5008183,3.4709852,1.5006227,3.4713767,-3.0008464,3.470993,2.9993315
1078,3.4752183,0.0005431876,3.474802,-1.5008174,3.47453,1.500626,3.474897,-3.0008457,3.4745786,2.9993339
1079,3.4787958,0.0005481714,3.4783235,-1.5008171,3.4780517,1.5006274,3.478441,-3.000845,3.4781208,2.9993346
1080,3.48234,0.00054843264,3.4818718,-1.5008154,3.4815953,1.5006313,3.4820337,-3.0008426,3.4816418,2.9993336
1081,3.485862,0.0005483914,3.4854379,-1.5008135,3.485185,1.5006365,3.4855752,-3.0008464,3.4851825,2.9993317
1082,3.4894066,0.0005502517,3.4889805,-1.5008147,3.4887269,1.5006387,3.4890974,-3.0008497,3.4887629,2.9993339
1083,3.49299,0.00055461004,3.492503,-1.5008171,3.492248,1.500639,3.4926429,-3.0008543,3.4923036,2.9993334
1084,3.4965274,0.00055572897,3.4960473,-1.5008229,3.495795,1.5006427,3.4962106,-3.000852,3.4958258,2.9993312
1085,3.500053,0.00055534736,3.4996257,-1.5008183,3.4993725,1.5006477,3.499751,-3.0008566,3.499374,2.999333
1086,3.5035958,0.0005517265,3.5031679,-1.5008242,3.5029128,1.5006492,3.5032723,-3.0008605,3.5029516,2.9993353
1087,3.5071661,0.0005588248,3.506688,-1.5008284,3.506437,1.5006499,3.5068212,-3.0008593,3.506497,2.9993358
1088,3.5107105,0.000556205,3.5102327,-1.5008329,3.509982,1.5006527,3.510388,-3.00086,3.5100148,2.9993343
1089,3.5142293,0.00055583124,3.5137913,-1.5008343,3.513562,1.5006582,3.5139322,-3.0008595,3.5135646,2.9993362
1090,3.517775,0.00055595377,3.5173347,-1.5008323,3.5171063,1.50066,3.5174541,-3.00086,3.51714,2.9993384
1091,3.5213366,0.00055858144,3.520856,-1.5008327,3.520625,1.5006611,3.5209973,-3.0008595,3.5206816,2.9993382
1092,3.524885,0.00056293065,3.5244014,-1.5008316,3.5241687,1.5006642,3.524589,-3.0008569,3.5242052,2.999336
1093,3.5284026,0.0005663626,3.527977,-1.5008296,3.5277514,1.5006701,3.5281303,-3.0008583,3.5277503,2.9993372
1094,3.5319486,0.0005705346,3.5315194,-1.5008309,3.5312934,1.5006722,3.5316515,-3.0008616,3.5313394,2.999338
1095,3.5355394,0.0005744478,3.5350428,-1.5008337,3.5348172,1.5006733,3.535199,-3.000862,3.5348792,2.9993415
1096,3.539079,0.0005755485,3.5385854,-1.5008396,3.538361,1.5006706,3.5387688,-3.0008593,3.5383995,2.999342
1097,3.5426025,0.0005754783,3.5421624,-1.5008351,3.541939,1.5006794,3.5423121,-3.0008602,3.5419457,2.999343
1098,3.5461478,0.00057203433,3.5457048,-1.5008409,3.545479,1.5006771,3.5458343,-3.0008624,3.5455265,2.9993443
1099,3.5497167,0.0005777602,3.5492215,-1.500845,3.5489995,1.5006769,3.5493786,-3.0008671,3.54907,2.999346
1100,3.5532598,0.0005758688,3.5527713,-1.5008432,3.5525448,1.5006759,3.5529568,-3.0008662,3.552588,2.9993443
1101,3.5567799,0.00057670084,3.5563345,-1.5008435,3.5561,1.5006765,3.5564997,-3.000868,3.5561347,2.999345
1102,3.560329,0.0005817055,3.559881,-1.5008426,3.559641,1.5006851,3.560022,-3.0008712,3.5597122,2.9993472
1103,3.563902,0.00058437005,3.5633988,-1.5008441,3.5631618,1.5006921,3.5635667,-3.0008717,3.563255,2.9993482
1104,3.5674455,0.00058708363,3.5669465,-1.5008429,3.566709,1.5006971,3.5671537,-3.0008688,3.5667744,2.999347
1105,3.5709677,0.00058886036,3.5705364,-1.5008414,3.5702696,1.5007008,3.5706956,-3.0008698,3.57032,2.9993474
1106,3.57451,0.0005906761,3.574077,-1.5008438,3.5738115,1.5007055,3.574217,-3.0008729,3.5739007,2.99935
1107,3.5780976,0.00059557415,3.5776005,-1.5008472,3.5773315,1.5007062,3.5777621,-3.000879,3.5774398,2.9993494
1108,3.5816374,0.0005957801,3.5811448,-1.5008528,3.5808787,1.5007105,3.5813346,-3.0008745,3.5809646,2.9993474
1109,3.5851629,0.00059531326,3.584715,-1.5008488,3.5844605,1.5007137,3.5848765,-3.0008802,3.5845056,2.999342
1110,3.5887082,0.0005971054,3.5882573,-1.5008545,3.5880032,1.5007181,3.588396,-3.000884,3.5880868,2.9993463
1111,3.5922775,0.0005995353,3.5917795,-1.5008582,3.5915241,1.5007211,3.5919414,-3.000888,3.591626,2.9993432
1112,3.595822,0.0006032827,3.595323,-1.5008628,3.595069,1.5007252,3.595502,-3.0008886,3.5951517,2.9993403
1113,3.5993426,0.00060560706,3.598885,-1.5008627,3.59865,1.5007299,3.599047,-3.000887,3.5986948,2.9993372
1114,3.6028883,0.00060862664,3.6024284,-1.5008627,3.6021907,1.5007323,3.6025674,-3.0008867,3.602265,2.999339
1115,3.6064813,0.00061346416,3.6059504,-1.5008631,3.6057117,1.5007328,3.6061141,-3.0008867,3.605807,2.9993389
1116,3.6100216,0.00061407627,3.6094954,-1.5008624,3.6092582,1.5007365,3.609697,-3.000887,3.6093311,2.9993374
1117,3.6135428,0.00061369035,3.6130717,-1.5008601,3.612836,1.5007423,3.613239,-3.0008857,3.6128733,2.9993327
1118,3.6170895,0.00061649916,3.6166139,-1.5008616,3.6163785,1.5007447,3.6167612,-3.0008864,3.6164577,2.9993384
1119,3.6206658,0.0006212195,3.6201367,-1.5008639,3.6199005,1.5007453,3.6203063,-3.0008864,3.6199994,2.9993336
1120,3.624208,0.0006222926,3.6236813,-1.5008664,3.6234457,1.5007428,3.6238952,-3.0008843,3.6235158,2.9993296
1121,3.6277323,0.0006228118,3.6272593,-1.5008636,3.6270156,1.5007474,3.627436,-3.000887,3.6270664,2.9993346
1122,3.631276,0.00062146963,3.6307986,-1.5008653,3.630556,1.5007472,3.6309593,-3.00089,3.6306233,2.9993362
1123,3.6348584,0.00062886195,3.634323,-1.5008686,3.6340797,1.5007483,3.6345036,-3.0008957,3.6341672,2.9993339
1124,3.6384003,0.0006266079,3.6378653,-1.5008749,3.6376247,1.5007516,3.6380615,-3.0008934,3.637686,2.9993308
1125,3.6419172,0.00062474073,3.6414368,-1.5008702,3.641195,1.5007558,3.6416063,-3.0008974,3.641235,2.9993346
1126,3.6454678,0.00063019054,3.6449797,-1.5008761,3.6447337,1.50076,3.6451275,-3.0009005,3.6448107,2.9993348
1127,3.649026,0.0006342306,3.6485,-1.5008799,3.6482542,1.5007613,3.648674,-3.0009031,3.6483545,2.9993374
1128,3.6525686,0.00063575484,3.652044,-1.500885,3.6518025,1.5007644,3.6522362,-3.0009038,3.6518724,2.9993362
1129,3.6560895,0.00063453335,3.6556013,-1.500885,3.6553783,1.5007699,3.655777,-3.0009024,3.6554203,2.999338
1130,3.6596363,0.0006328214,3.659144,-1.5008863,3.6589222,1.5007713,3.6592994,-3.0009038,3.6590092,2.9993417
1131,3.6632087,0.0006366324,3.662667,-1.5008875,3.6624424,1.5007728,3.6628444,-3.0009048,3.6625502,2.99934
1132,3.66675,0.00063789106,3.6662152,-1.5008909,3.6659877,1.500776,3.666404,-3.0009077,3.6660721,2.999338
1133,3.670272,0.0006373519,3.6697738,-1.5008897,3.6695642,1.5007817,3.6699502,-3.0009058,3.6696186,2.9993393
1134,3.673817,0.0006338465,3.6733143,-1.5008904,3.673108,1.5007834,3.6734695,-3.000903,3.6731899,2.9993408
1135,3.6773918,0.0006407297,3.6768386,-1.5008922,3.6766284,1.5007852,3.6770158,-3.000902,3.6767302,2.9993422
1136,3.6809354,0.0006378216,3.6803815,-1.500897,3.6801746,1.5007879,3.680592,-3.0009024,3.680253,2.9993424
1137,3.6844556,0.00063739845,3.6839495,-1.5008963,3.6837468,1.5007931,3.6841345,-3.0009,3.683801,2.9993446
1138,3.6880023,0.0006400129,3.687493,-1.5008978,3.6872873,1.5007948,3.687656,-3.0009003,3.6873848,2.9993453
1139,3.6915631,0.000641703,3.691015,-1.5008999,3.6908104,1.500796,3.6912005,-3.0009005,3.6909282,2.9993477
1140,3.6951082,0.0006460079,3.694559,-1.5009043,3.6943576,1.5007998,3.6947863,-3.000899,3.694446,2.999347
1141,3.6986282,0.0006476709,3.6981423,-1.5008998,3.6979322,1.500804,3.6983275,-3.0009015,3.6979952,2.9993489
1142,3.7021747,0.0006505548,3.7016838,-1.5009059,3.701477,1.5008079,3.7018526,-3.0009048,3.7015796,2.9993513
1143,3.7057571,0.0006556136,3.7052035,-1.5009102,3.7049985,1.5008107,3.7053962,-3.0009108,3.7051213,2.999351
1144,3.7093012,0.000655997,3.7087507,-1.5009098,3.7085414,1.5008153,3.708964,-3.000907,3.7086413,2.9993494
1145,3.7128215,0.0006561286,3.7123039,-1.5009114,3.7121272,1.5008186,3.712507,-3.0009134,3.7121878,2.9993505
1146,3.7163658,0.00065758615,3.7158525,-1.500909,3.7156682,1.5008235,3.7160244,-3.000918,3.7157664,2.9993515
1147,3.7199419,0.0006630226,3.7193682,-1.5009091,3.719188,1.5008259,3.7195745,-3.0009148,3.71931,2.9993548
1148,3.7234824,0.00066367566,3.722915,-1.5009087,3.7227354,1.5008296,3.723138,-3.000916,3.7228277,2.9993548
1149,3.7270072,0.0006639346,3.7265072,-1.5009066,3.7263136,1.5008347,3.726685,-3.0009146,3.726376,2.999357
1150,3.73055,0.0006619245,3.7300465,-1.5009094,3.729853,1.5008376,3.7302015,-3.0009155,3.7299645,2.9993606
1151,3.734127,0.00066931796,3.7335703,-1.5009129,3.7333744,1.5008388,3.7337482,-3.0009155,3.733506,2.9993594
1152,3.7376673,0.0006662254,3.737114,-1.5009187,3.7369223,1.500843,3.7373395,-3.0009136,3.7370274,2.999357
1153,3.7411873,0.0006651162,3.7406812,-1.5009153,3.7404897,1.500848,3.740881,-3.0009167,3.7405713,2.9993532
1154,3.7447355,0.0006694198,3.7442236,-1.500921,3.7440317,1.5008498,3.7444022,-3.0009208,3.7441387,2.9993584
1155,3.7482934,0.0006719021,3.747744,-1.5009251,3.7475557,1.5008508,3.7479486,-3.000921,3.747678,2.9993541
1156,3.751838,0.00067619275,3.7512887,-1.5009288,3.7510993,1.50085,3.7515235,-3.0009184,3.7512012,2.9993515
1157,3.7553563,0.00067816407,3.7548506,-1.5009292,3.75468,1.500857,3.7550666,-3.00092,3.7547462,2.9993544
1158,3.7589033,0.0006814211,3.7583964,-1.5009286,3.7582185,1.5008552,3.7585897,-3.0009232,3.7583146,2.9993553
1159,3.7624888,0.00068605976,3.7619152,-1.5009285,3.7617407,1.5008551,3.762134,-3.000929,3.7618566,2.9993584
1160,3.7660277,0.00068672316,3.7654612,-1.5009267,3.7652884,1.5008553,3.7657123,-3.0009243,3.7653778,2.9993591
1161,3.7695515,0.00068569364,3.7690508,-1.5009247,3.7688413,1.5008533,3.7692544,-3.0009305,3.7689195,2.9993598
1162,3.7730958,0.00068760937,3.7725918,-1.5009284,3.7723892,1.5008632,3.7727752,-3.0009353,3.7725096,2.9993632
1163,3.776677,0.00069284014,3.776117,-1.5009319,3.7759058,1.5008705,3.77632,-3.00094,3.7760503,2.9993632
1164,3.7802188,0.0006938899,3.7796607,-1.5009366,3.7794526,1.5008751,3.7798746,-3.0009427,3.7795734,2.9993613
1165,3.7837427,0.0006938327,3.7832317,-1.5009353,3.7830312,1.5008786,3.783419,-3.0009384,3.7831175,2.9993565
1166,3.7872868,0.00069093815,3.7867725,-1.5009369,3.7865748,1.5008845,3.7869396,-3.0009353,3.786689,2.9993625
1167,3.790866,0.00069765514,3.7902944,-1.5009404,3.7900934,1.5008867,3.790486,-3.0009348,3.7902308,2.9993572
1168,3.7944057,0.00069453457,3.7938442,-1.5009396,3.7936378,1.5008895,3.7940543,-3.000935,3.7937477,2.9993544
1169,3.797927,0.00069399003,3.797414,-1.5009402,3.7972293,1.5008937,3.7975998,-3.0009336,3.7972941,2.9993587
1170,3.801473,0.0006932169,3.8009584,-1.5009387,3.8007684,1.5008985,3.8011193,-3.0009346,3.8008657,2.9993596
1171,3.8050349,0.0006946113,3.8044784,-1.5009391,3.80429,1.5009003,3.804664,-3.000935,3.8044071,2.9993622
1172,3.8085809,0.0006999146,3.8080232,-1.5009389,3.807836,1.5009036,3.8082585,-3.000933,3.8079278,2.9993613
1173,3.8120985,0.0007045509,3.8116117,-1.500937,3.8114097,1.5009084,3.811802,-3.0009353,3.811476,2.9993632
1174,3.8156471,0.0007073794,3.8151505,-1.5009401,3.814952,1.5009125,3.8153214,-3.0009394,3.8150604,2.999366
1175,3.8192291,0.00070999697,3.8186734,-1.5009445,3.8184707,1.5009139,3.8188715,-3.0009387,3.8186,2.9993644
1176,3.8227725,0.00071362534,3.8222208,-1.5009439,3.8220172,1.5009181,3.8224385,-3.0009367,3.8221238,2.9993613
1177,3.8262937,0.00071651296,3.8257875,-1.5009444,3.8255966,1.5009238,3.8259828,-3.0009377,3.825671,2.9993632
1178,3.829837,0.0007195106,3.8293312,-1.5009428,3.8291385,1.5009271,3.829503,-3.00094,3.8292434,2.9993644
1179,3.8334267,0.0007240422,3.8328497,-1.5009441,3.8326578,1.500928,3.8330495,-3.0009398,3.8327868,2.9993672
1180,3.8369677,0.0007252925,3.8363936,-1.500945,3.8362074,1.5009328,3.836636,-3.0009372,3.8363059,2.9993663
1181,3.840489,0.00072458043,3.8399847,-1.5009425,3.839786,1.5009383,3.8401783,-3.0009396,3.8398547,2.9993691
1182,3.8440351,0.00072724087,3.8435242,-1.5009454,3.8433287,1.5009413,3.843701,-3.000943,3.8434281,2.9993725
1183,3.8476095,0.0007319544,3.847047,-1.5009494,3.8468487,1.5009428,3.8472455,-3.0009494,3.8469682,2.999372
1184,3.8511512,0.0007337807,3.8505926,-1.5009502,3.8503942,1.5009471,3.8508203,-3.000945,3.8504908,2.9993706
1185,3.8546717,0.0007338658,3.8541627,-1.5009478,3.8539746,1.5009528,3.8543618,-3.0009513,3.8540356,2.9993722
1186,3.8582175,0.0007368398,3.8577056,-1.5009496,3.857518,1.500954,3.8578784,-3.0009553,3.857628,2.9993744
1187,3.8618028,0.00074190495,3.861228,-1.5009522,3.8610373,1.5009542,3.8614275,-3.0009525,3.86117,2.9993763
1188,3.8653429,0.0007421553,3.864773,-1.5009522,3.8645833,1.5009577,3.8649848,-3.000954,3.8646908,2.9993756
1189,3.8688674,0.0007421502,3.8683593,-1.5009501,3.8681617,1.5009621,3.868531,-3.000952,3.8682394,2.9993777
1190,3.872411,0.00073978293,3.8719013,-1.5009531,3.8717034,1.5009667,3.8720484,-3.0009527,3.8718207,2.9993784
1191,3.8759856,0.0007470833,3.8754256,-1.5009565,3.8752227,1.5009687,3.875593,-3.000953,3.8753622,2.9993808
1192,3.8795269,0.00074448163,3.8789692,-1.5009618,3.8787715,1.5009732,3.8791862,-3.0009506,3.8788834,2.9993813
1193,3.8830473,0.0007436322,3.8825436,-1.5009576,3.8823566,1.5009788,3.8827274,-3.000954,3.882429,2.9993825
1194,3.8865955,0.0007484484,3.8860838,-1.5009634,3.8858967,1.5009804,3.8862479,-3.0009575,3.8860173,2.9993858
1195,3.8901498,0.0007521624,3.8896062,-1.5009671,3.8894186,1.5009812,3.8897943,-3.0009573,3.889556,2.9993834
1196,3.893697,0.0007543312,3.8931513,-1.5009716,3.8929653,1.5009791,3.8933642,-3.0009553,3.89308,2.9993804
1197,3.8972132,0.00075389794,3.8967037,-1.5009732,3.896528,1.5009844,3.8969085,-3.0009575,3.8966246,2.9993756
1198,3.9007611,0.00075648184,3.9002492,-1.5009699,3.9000702,1.5009849,3.9004307,-3.0009604,3.90018,2.9993773
1199,3.9043484,0.0007614895,3.903769,-1.5009693,3.9035938,1.5009866,3.9039752,-3.0009613,3.9037225,2.9993784
1200,3.9078894,0.00076328,3.907315,-1.5009695,3.90714,1.5009916,3.9075603,-3.000959,3.9072433,2.9993806
1201,3.9114122,0.0007629926,3.9108863,-1.50097,3.9107056,1.5009948,3.9111023,-3.00096,3.9107873,2.999383
1202,3.9149578,0.0007655194,3.9144316,-1.5009681,3.9142485,1.501001,3.9146233,-3.000963,3.9143598,2.999386
1203,3.9185317,0.0007703047,3.91795,-1.5009688,3.9177678,1.5010045,3.9181697,-3.0009625,3.917903,2.999387
1204,3.9220738,0.0007724421,3.9214966,-1.500968,3.9213145,1.501008,3.9217477,-3.0009606,3.9214213,2.9993856
1205,3.9255943,0.00077270094,3.9250848,-1.5009662,3.9249022,1.5010139,3.9252899,-3.0009623,3.924971,2.9993875
1206,3.9291399,0.0007757949,3.9286249,-1.5009693,3.9284415,1.501015,3.9288137,-3.000965,3.9285355,2.9993896
1207,3.9327226,0.000780546,3.93215,-1.500973,3.9319658,1.5010145,3.932357,-3.0009706,3.932076,2.9993908
1208,3.936262,0.000781954,3.9356942,-1.5009785,3.9355133,1.5010188,3.9359357,-3.0009658,3.9355974,2.9993904
1209,3.9397857,0.000781862,3.939263,-1.500975,3.9390848,1.5010226,3.939478,-3.0009718,3.9391441,2.9993927
1210,3.9433308,0.0007784392,3.9428043,-1.5009806,3.9426277,1.5010277,3.942999,-3.0009763,3.9427142,2.9993954
1211,3.946902,0.0007841777,3.9463258,-1.5009848,3.9461467,1.5010308,3.946543,-3.0009813,3.9462583,2.9993951
1212,3.9504445,0.0007824028,3.9498694,-1.5009894,3.9496937,1.5010353,3.9501023,-3.0009818,3.9497776,2.9993932
1213,3.9539645,0.0007826786,3.9534304,-1.5009879,3.9532802,1.5010413,3.9536443,-3.0009825,3.9533262,2.9993951
1214,3.9575133,0.00078816054,3.9569755,-1.50099,3.9568217,1.5010436,3.957168,-3.0009837,3.956901,2.9993966
1215,3.9610817,0.00079123134,3.960498,-1.5009922,3.960347,1.5010452,3.9607134,-3.0009844,3.9604452,2.9993992
1216,3.964625,0.0007945157,3.9640431,-1.500994,3.963892,1.5010448,3.9642844,-3.000982,3.963965,2.9993994
1217,3.9681463,0.00079664227,3.967615,-1.5009913,3.9674683,1.5010526,3.9678273,-3.0009837,3.9675105,2.9994009
1218,3.9716892,0.0007992985,3.9711587,-1.5009949,3.9710078,1.5010506,3.9713488,-3.0009866,3.9710944,2.9994023
1219,3.9752781,0.0008039304,3.974679,-1.5009991,3.9745305,1.5010504,3.9748945,-3.0009863,3.9746346,2.9994042
1220,3.978817,0.00080519187,3.978225,-1.5009991,3.9780762,1.5010508,3.9784818,-3.0009842,3.9781508,2.9994035
1221,3.9823427,0.0008052718,3.9817994,-1.5009961,3.9816341,1.5010531,3.982024,-3.0009875,3.9816918,2.9994044
1222,3.985887,0.00080226787,3.985342,-1.5009986,3.98518,1.5010597,3.9855454,-3.0009909,3.9852898,2.9994087
1223,3.9894574,0.0008091785,3.9888647,-1.5010018,3.9886982,1.5010655,3.9890912,-3.000991,3.9888256,2.9994066
1224,3.9930015,0.00080662314,3.9924097,-1.5010024,3.992244,1.5010701,3.992673,-3.0009887,3.9923537,2.9994037
1225,3.9965148,0.00080537476,3.9959955,-1.5010004,3.9958234,1.5010741,3.996214,-3.0009906,3.9959,2.999401
1226,4.000066,0.00080934155,3.9995353,-1.5010022,3.999366,1.5010806,3.9997385,-3.0009933,3.9994576,2.9993982
1227,4.0036287,0.00081271084,4.0030575,-1.5010052,4.0028863,1.5010835,4.0032816,-3.0009992,4.003003,2.999406
1228,4.007175,0.0008160667,4.006602,-1.501005,4.0064306,1.5010871,4.0068555,-3.0009947,4.006521,2.9994113
1229,4.0106926,0.00081756536,4.0101833,-1.5010029,4.0100074,1.5010908,4.010398,-3.0010004,4.0100675,2.9994137
1230,4.014238,0.0008210635,4.013725,-1.501004,4.013548,1.5010941,4.0139155,-3.001005,4.01365,2.9994156
1231,4.0178313,0.0008261774,4.017246,-1.5010068,4.0170727,1.5010959,4.0174637,-3.0010033,4.0171924,2.9994185
1232,4.0213723,0.00082660315,4.0207925,-1.5010061,4.0206146,1.5010947,4.0210195,-3.001004,4.0207148,2.9994202
1233,4.024895,0.00082579115,4.0243745,-1.5010043,4.0241885,1.5010995,4.0245657,-3.0010016,4.0242596,2.999422
1234,4.0284405,0.0008231537,4.0279155,-1.5010058,4.02773,1.5011023,4.0280833,-3.0010023,4.0278425,2.9994247
1235,4.0320053,0.0008292697,4.0314374,-1.5010084,4.031251,1.5011036,4.031629,-3.001002,4.0313845,2.9994245
1236,4.035549,0.00082664425,4.0349827,-1.5010083,4.0347958,1.5011017,4.0352206,-3.0010004,4.0349045,2.9994235
1237,4.03907,0.00082468905,4.0385633,-1.501006,4.0383663,1.5011098,4.03876,-3.0010033,4.0384517,2.9994261
1238,4.042618,0.0008296898,4.0421057,-1.5010077,4.041907,1.5011088,4.042284,-3.0010066,4.042027,2.9994278
1239,4.046181,0.00083178876,4.045627,-1.5010108,4.0454283,1.5011086,4.0458283,-3.001012,4.0455704,2.9994314
1240,4.049727,0.0008372045,4.049174,-1.5010102,4.0489774,1.5011157,4.0493956,-3.001009,4.04909,2.9994323
1241,4.0532446,0.0008399717,4.052758,-1.5010077,4.0525413,1.5011214,4.0529385,-3.0010142,4.0526376,2.9994345
1242,4.0567923,0.0008431203,4.0563016,-1.5010102,4.056086,1.5011212,4.056454,-3.0010188,4.0562205,2.9994378
1243,4.06038,0.0008476555,4.0598254,-1.5010132,4.0596023,1.5011194,4.0600057,-3.0010164,4.059761,2.9994388
1244,4.0639195,0.0008479601,4.0633717,-1.5010158,4.0631504,1.5011247,4.063565,-3.0010176,4.063283,2.9994383
1245,4.067445,0.00084703666,4.0669446,-1.5010161,4.066734,1.5011296,4.0671124,-3.0010154,4.0668273,2.9994342
1246,4.0709906,0.0008447302,4.0704837,-1.5010147,4.0702767,1.5011327,4.0706286,-3.001016,4.070393,2.9994395
1247,4.074559,0.00084950327,4.074007,-1.5010158,4.0737963,1.5011346,4.0741744,-3.0010164,4.0739336,2.9994347
1248,4.0781,0.0008486209,4.0775514,-1.501018,4.07734,1.5011383,4.0777674,-3.001014,4.0774527,2.9994328
1249,4.0816255,0.0008473956,4.0811152,-1.5010188,4.080916,1.5011435,4.081308,-3.0010166,4.0809984,2.9994307
1250,4.085169,0.0008453689,4.0846615,-1.5010191,4.0844564,1.5011467,4.0848317,-3.00102,4.0845485,2.9994304
1251,4.088742,0.0008488526,4.0881786,-1.5010216,4.0879784,1.5011479,4.088376,-3.0010252,4.088097,2.9994354
1252,4.0922904,0.0008497657,4.091727,-1.501022,4.091525,1.501146,4.0919447,-3.001021,4.0916157,2.999437
1253,4.095808,0.0008486661,4.095307,-1.5010195,4.0950894,1.5011499,4.095489,-3.0010264,4.0951643,2.9994388
1254,4.0993533,0.0008509908,4.09885,-1.5010222,4.098633,1.5011536,4.0990043,-3.0010307,4.0987277,2.9994402
1255,4.102946,0.0008564347,4.1023717,-1.5010253,4.1021533,1.5011563,4.102553,-3.0010297,4.1022716,2.9994438
1256,4.106485,0.0008556762,4.105916,-1.5010266,4.1057,1.5011613,4.1061187,-3.00103,4.10579,2.9994442
1257,4.110009,0.0008542832,4.1094947,-1.5010244,4.109277,1.5011669,4.1096644,-3.001029,4.1093373,2.9994462
1258,4.1135545,0.0008571757,4.1130347,-1.501027,4.11282,1.5011683,4.1131835,-3.0010297,4.1129246,2.999448
1259,4.1171236,0.00085991214,4.116558,-1.5010302,4.1163387,1.5011688,4.116729,-3.0010295,4.1164656,2.9994519
1260,4.1206675,0.00086413,4.120104,-1.5010308,4.119885,1.5011723,4.1203165,-3.0010273,4.1199875,2.999453
1261,4.124184,0.00086547586,4.1236734,-1.5010312,4.1234584,1.5011762,4.1238565,-3.00103,4.123531,2.9994543
1262,4.1277337,0.0008692334,4.1272206,-1.5010295,4.1270022,1.5011797,4.127379,-3.0010335,4.12711,2.9994552
1263,4.1313224,0.00087402767,4.1307364,-1.5010308,4.1305237,1.5011818,4.130924,-3.0010347,4.1306486,2.9994562
1264,4.1348624,0.00087375654,4.1342854,-1.50103,4.1340685,1.5011871,4.134498,-3.001032,4.1341696,2.9994535
1265,4.1383853,0.00087294064,4.137877,-1.501028,4.1376557,1.501192,4.1380405,-3.0010343,4.137711,2.999452
1266,4.1419325,0.00087518373,4.141417,-1.5010303,4.141198,1.5011955,4.141563,-3.0010378,4.1413045,2.999454
1267,4.1455045,0.000878198,4.144942,-1.5010334,4.14472,1.5011966,4.145108,-3.0010388,4.1448436,2.999452
1268,4.1490445,0.00088074437,4.148486,-1.5010388,4.148265,1.5011947,4.1486897,-3.0010371,4.1483665,2.9994493
1269,4.152567,0.00088094483,4.1520543,-1.5010353,4.151833,1.5011995,4.1522326,-3.0010393,4.151914,2.9994535
1270,4.1561136,0.0008834374,4.155598,-1.5010401,4.1553764,1.5012023,4.1557536,-3.0010426,4.1554728,2.999455
1271,4.15969,0.00088789803,4.159114,-1.5010445,4.158898,1.5012033,4.1593,-3.0010428,4.159014,2.9994593
1272,4.1632314,0.00088927237,4.1626625,-1.5010438,4.1624446,1.5012045,4.16288,-3.0010405,4.1625323,2.9994605
1273,4.1667542,0.0008897682,4.166228,-1.5010438,4.1660175,1.5012108,4.166422,-3.0010421,4.1660776,2.9994617
1274,4.1702995,0.00088847603,4.1697745,-1.5010422,4.169561,1.5012119,4.169943,-3.0010448,4.1696715,2.9994643
1275,4.1738772,0.00089233025,4.173291,-1.5010426,4.1730833,1.5012125,4.173489,-3.0010443,4.1732097,2.999464
1276,4.177421,0.00089291227,4.1768374,-1.5010424,4.176631,1.5012162,4.1770735,-3.0010421,4.176733,2.9994621
1277,4.1809387,0.0008919326,4.180429,-1.5010393,4.180198,1.5012192,4.1806154,-3.0010436,4.180279,2.9994633
1278,4.184487,0.00089596293,4.183972,-1.5010421,4.183744,1.501224,4.1841383,-3.001047,4.183856,2.9994664
1279,4.1880655,0.00090052176,4.1874924,-1.5010457,4.187262,1.5012267,4.1876836,-3.0010467,4.1873975,2.9994686
1280,4.1916084,0.0009014663,4.191038,-1.5010506,4.1908097,1.5012312,4.191264,-3.0010443,4.1909175,2.9994671
1281,4.195131,0.0009011486,4.1945996,-1.50105,4.194402,1.501235,4.1948056,-3.001046,4.194465,2.99947
1282,4.1986766,0.0009032727,4.1981425,-1.5010507,4.1979427,1.5012411,4.198329,-3.0010486,4.1980443,2.9994724
1283,4.2022614,0.000908508,4.201666,-1.5010512,4.2014647,1.5012441,4.2018723,-3.0010543,4.2015862,2.9994724
1284,4.2058043,0.00091057795,4.2052116,-1.5010526,4.20501,1.5012476,4.205451,-3.001049,4.205109,2.9994707
1285,4.209326,0.00091092143,4.2087846,-1.5010508,4.208587,1.5012522,4.208993,-3.0010545,4.2086515,2.9994655
1286,4.212871,0.0009141839,4.212325,-1.5010524,4.2121286,1.5012547,4.2125115,-3.001059,4.2122207,2.9994714
1287,4.21645,0.00091894285,4.2158504,-1.5010555,4.2156525,1.5012561,4.2160606,-3.0010571,4.2157593,2.9994678
1288,4.219992,0.0009211665,4.219393,-1.5010618,4.219198,1.5012565,4.219615,-3.001058,4.2192826,2.999466
1289,4.223515,0.00092157314,4.2229667,-1.5010573,4.2227726,1.501263,4.223162,-3.0010562,4.222829,2.999468
1290,4.2270575,0.0009187774,4.22651,-1.5010626,4.2263117,1.501263,4.2266793,-3.0010567,4.2263985,2.9994678
1291,4.230631,0.00092417625,4.2300277,-1.5010664,4.229832,1.5012623,4.2302256,-3.0010564,4.229942,2.9994724
1292,4.234174,0.000923881,4.2335744,-1.5010693,4.2333813,1.5012665,4.23382,-3.0010545,4.233462,2.9994724
1293,4.2376904,0.00092262524,4.2371335,-1.5010726,4.23694,1.5012709,4.237361,-3.0010574,4.2370076,2.9994743
1294,4.2412405,0.00092672603,4.2406807,-1.501065,4.2404838,1.5012751,4.2408857,-3.0010612,4.2405972,2.9994776
1295,4.244814,0.0009312983,4.244195,-1.5010607,4.244006,1.5012773,4.2444305,-3.0010664,4.244138,2.9994764
1296,4.2483563,0.00093236694,4.247745,-1.5010598,4.247552,1.5012821,4.2479963,-3.0010643,4.2476625,2.9994745
1297,4.251878,0.00093168655,4.2513103,-1.5010606,4.2511296,1.5012865,4.25154,-3.0010679,4.2512097,2.9994767
1298,4.255423,0.0009347127,4.2548566,-1.5010577,4.2546725,1.5012902,4.2550583,-3.0010707,4.2547817,2.9994774
1299,4.2590084,0.00093984464,4.2583737,-1.5010582,4.258192,1.5012913,4.2586074,-3.0010693,4.2583265,2.9994814
1300,4.2625484,0.00094127626,4.261918,-1.5010577,4.2617407,1.501296,4.2621784,-3.0010672,4.261846,2.9994812
1301,4.2660694,0.00094133016,4.2655106,-1.5010552,4.265315,1.5013013,4.265722,-3.001069,4.265389,2.9994817
1302,4.269615,0.00094449427,4.2690525,-1.5010579,4.2688575,1.5013033,4.269243,-3.001072,4.2689776,2.9994843
1303,4.273198,0.00094863196,4.272573,-1.5010613,4.2723813,1.5013049,4.272791,-3.001071,4.272517,2.9994845
1304,4.276738,0.0009509761,4.2761197,-1.5010619,4.275925,1.501304,4.276373,-3.0010707,4.276042,2.999483
1305,4.2802596,0.0009509443,4.2796893,-1.5010594,4.2795033,1.5013121,4.2799177,-3.0010693,4.279586,2.9994795
1306,4.283806,0.0009538568,4.2832336,-1.5010605,4.283043,1.50131,4.283439,-3.0010695,4.283157,2.9994855
1307,4.2873845,0.0009587105,4.2867565,-1.5010628,4.286562,1.5013099,4.286984,-3.0010688,4.2867007,2.999481
1308,4.290927,0.000960143,4.290301,-1.5010643,4.2901077,1.5013101,4.2905655,-3.0010664,4.290218,2.9994788
1309,4.2944517,0.0009603931,4.293881,-1.501062,4.293663,1.5013105,4.294107,-3.0010693,4.2937636,2.9994776
1310,4.297994,0.0009575645,4.2974224,-1.5010636,4.2972107,1.5013199,4.2976284,-3.0010731,4.2973204,2.999475
1311,4.3015738,0.0009645091,4.3009453,-1.5010663,4.3007264,1.5013269,4.3011737,-3.0010734,4.3008666,2.9994833
1312,4.305116,0.0009615576,4.3044906,-1.5010672,4.304274,1.5013318,4.304756,-3.00107,4.304382,2.9994893
1313,4.308634,0.0009608008,4.30807,-1.5010643,4.3078413,1.5013357,4.308298,-3.0010724,4.307931,2.9994917
1314,4.312184,0.0009665713,4.311612,-1.5010653,4.311384,1.5013412,4.311823,-3.0010757,4.311505,2.9994924
1315,4.315753,0.0009687854,4.3151345,-1.501068,4.3149033,1.5013436,4.3153667,-3.0010808,4.3150487,2.9994965
1316,4.3192973,0.00097357074,4.3186817,-1.5010678,4.3184495,1.5013473,4.318939,-3.0010765,4.318559,2.9994986
1317,4.3228164,0.00097578316,4.3222637,-1.5010653,4.3220353,1.5013539,4.322482,-3.0010824,4.3221064,2.999494
1318,4.326359,0.0009783492,4.3258057,-1.501067,4.325575,1.501356,4.3259997,-3.0010862,4.325689,2.9994972
1319,4.329946,0.0009832362,4.3293295,-1.5010699,4.3290973,1.5013567,4.32955,-3.0010839,4.3292274,2.9994965
1320,4.333486,0.0009847184,4.3328724,-1.5010755,4.3326416,1.5013543,4.333108,-3.0010846,4.332752,2.999499
1321,4.3370104,0.0009850459,4.33645,-1.5010707,4.3362017,1.5013621,4.336655,-3.001083,4.3362947,2.999501
1322,4.3405538,0.0009817394,4.3399925,-1.5010763,4.339746,1.5013611,4.3401737,-3.0010822,4.3398666,2.999504
1323,4.3441286,0.0009889995,4.3435116,-1.5010804,4.343267,1.5013622,4.3437185,-3.001081,4.3434095,2.9995077
1324,4.34767,0.000986156,4.347058,-1.5010793,4.346814,1.5013634,4.3473125,-3.0010786,4.3469296,2.9995093
1325,4.3511896,0.0009855416,4.350619,-1.5010799,4.3503695,1.5013657,4.350853,-3.0010817,4.350472,2.9995115
1326,4.354738,0.0009905905,4.354165,-1.5010782,4.3539133,1.5013741,4.3543773,-3.0010853,4.3540525,2.9995134
1327,4.3583016,0.0009936336,4.3576818,-1.5010796,4.3574333,1.5013797,4.3579197,-3.0010905,4.3575945,2.9995155
1328,4.361847,0.0009968287,4.3612294,-1.5010784,4.36098,1.5013841,4.361485,-3.001087,4.361113,2.9995136
1329,4.365365,0.000997792,4.3648233,-1.5010763,4.364547,1.5013885,4.3650274,-3.0010922,4.3646584,2.9995148
1330,4.3689127,0.0010007113,4.368363,-1.5010791,4.3680906,1.5013945,4.3685455,-3.0010962,4.3682413,2.9995184
1331,4.372502,0.0010060504,4.3718877,-1.5010823,4.3716106,1.5013978,4.372096,-3.0010946,4.371783,2.999519
1332,4.376042,0.0010066568,4.3754306,-1.5010873,4.3751554,1.5014024,4.3756537,-3.0010946,4.3753037,2.9995182
1333,4.3795643,0.0010060479,4.3789983,-1.501083,4.378743,1.5014082,4.379199,-3.0010931,4.3788514,2.9995205
1334,4.3831096,0.0010030722,4.382543,-1.5010883,4.382285,1.5014095,4.3827176,-3.0010939,4.3824263,2.999524
1335,4.386679,0.0010100015,4.3860593,-1.5010922,4.385806,1.5014108,4.386263,-3.0010939,4.3859687,2.9995234
1336,4.390222,0.0010071018,4.38961,-1.5010908,4.3893523,1.501414,4.3898506,-3.0010917,4.389492,2.9995227
1337,4.3937387,0.0010059715,4.3931694,-1.5010912,4.3929224,1.5014179,4.393391,-3.0010939,4.3930387,2.9995208
1338,4.3972893,0.0010116189,4.3967166,-1.5010893,4.396466,1.5014219,4.396912,-3.0010982,4.3966026,2.9995272
1339,4.40085,0.001013558,4.4002347,-1.5010904,4.39999,1.5014254,4.40046,-3.0010982,4.40014,2.999524
1340,4.404395,0.0010189448,4.403782,-1.5010898,4.4035296,1.5014287,4.4040294,-3.001096,4.403658,2.9995205
1341,4.4079146,0.0010217681,4.4073734,-1.5010872,4.407124,1.5014327,4.4075727,-3.0010967,4.407207,2.9995265
1342,4.411458,0.0010244688,4.410916,-1.5010891,4.410665,1.5014386,4.4110966,-3.0010996,4.4107785,2.999527
1343,4.415043,0.001029314,4.414436,-1.5010928,4.414185,1.5014406,4.414641,-3.0010996,4.414321,2.9995291
1344,4.418583,0.001030888,4.417984,-1.5010916,4.417732,1.5014445,4.418221,-3.0010974,4.4178414,2.9995296
1345,4.422109,0.0010309808,4.4215517,-1.5010897,4.4213133,1.5014505,4.4217634,-3.0010986,4.421389,2.9995322
1346,4.4256525,0.0010279246,4.425096,-1.5010902,4.424858,1.5014527,4.425287,-3.0011013,4.4249806,2.9995356
1347,4.42923,0.0010352399,4.428619,-1.5010923,4.4283786,1.5014547,4.4288306,-3.001107,4.428522,2.999536
1348,4.4327736,0.001032141,4.4321632,-1.5010939,4.431926,1.5014584,4.432408,-3.0011017,4.4320436,2.999535
1349,4.4362903,0.0010308726,4.4357452,-1.5010906,4.4354935,1.5014634,4.43595,-3.0011075,4.435591,2.9995384
1350,4.4398403,0.0010364644,4.4392886,-1.501093,4.439034,1.5014677,4.4394674,-3.0011117,4.439161,2.9995415
1351,4.443401,0.001038685,4.4428124,-1.5010957,4.442556,1.5014696,4.4430184,-3.001109,4.4427032,2.9995413
1352,4.446946,0.0010424164,4.446356,-1.5010996,4.4461017,1.5014695,4.4465766,-3.00111,4.4462266,2.9995403
1353,4.4504657,0.0010445794,4.449931,-1.5010977,4.449675,1.5014739,4.4501247,-3.0011084,4.44977,2.9995406
1354,4.454011,0.0010472094,4.4534745,-1.5010997,4.4532194,1.501479,4.453643,-3.0011096,4.4533463,2.9995437
1355,4.457599,0.0010521505,4.4569926,-1.5011032,4.4567385,1.5014808,4.4571877,-3.0011096,4.456887,2.999545
1356,4.4611387,0.0010519872,4.4605412,-1.5011023,4.4602857,1.5014849,4.460781,-3.001107,4.460408,2.9995441
1357,4.4646626,0.0010513259,4.4641194,-1.5010998,4.463866,1.5014907,4.4643226,-3.00111,4.4639535,2.9995456
1358,4.46821,0.0010541677,4.4676614,-1.501101,4.4674096,1.5014933,4.4678445,-3.0011144,4.4675264,2.9995496
1359,4.4717817,0.0010575617,4.471185,-1.5011039,4.470931,1.5014957,4.4713936,-3.0011137,4.4710693,2.9995496
1360,4.4753265,0.0010605301,4.474729,-1.5011095,4.474477,1.5014993,4.474962,-3.0011137,4.47459,2.999548
1361,4.4788456,0.0010617555,4.478306,-1.5011048,4.4780526,1.5015032,4.4785066,-3.0011127,4.4781356,2.9995503
1362,4.4823923,0.0010648319,4.4818487,-1.5011102,4.481594,1.5015094,4.4820256,-3.0011137,4.4817176,2.9995534
1363,4.485982,0.001069593,4.4853673,-1.5011139,4.485114,1.5015117,4.485569,-3.0011132,4.485259,2.999554
1364,4.489521,0.0010700575,4.4889135,-1.5011177,4.48866,1.5015155,4.4891605,-3.0011113,4.4887824,2.9995532
1365,4.493044,0.0010694733,4.4924726,-1.5011181,4.492242,1.5015198,4.4927015,-3.0011141,4.4923277,2.9995556
1366,4.496591,0.0010716849,4.496016,-1.5011177,4.4957843,1.5015242,4.4962263,-3.0011177,4.4959106,2.9995594
1367,4.5001636,0.0010764721,4.4995384,-1.5011154,4.4993057,1.5015273,4.49977,-3.0011227,4.4994535,2.9995596
1368,4.5037093,0.0010791154,4.5030856,-1.5011142,4.5028505,1.5015315,4.50334,-3.0011203,4.5029764,2.9995587
1369,4.507227,0.0010792767,4.5066547,-1.5011126,4.506437,1.5015379,4.506882,-3.0011246,4.5065217,2.9995584
1370,4.510774,0.001081868,4.510198,-1.5011128,4.50998,1.5015397,4.5103993,-3.0011287,4.510095,2.9995615
1371,4.514361,0.0010868086,4.51372,-1.501115,4.5135007,1.5015411,4.5139503,-3.0011263,4.5136385,2.999563
1372,4.517902,0.0010879315,4.517265,-1.5011197,4.517048,1.5015436,4.5175095,-3.0011275,4.517157,2.9995625
1373,4.521425,0.0010879429,4.520839,-1.5011189,4.520616,1.5015479,4.521056,-3.0011244,4.5207033,2.999565
1374,4.5249686,0.0010854437,4.524384,-1.5011193,4.524157,1.5015509,4.5245733,-3.0011253,4.524292,2.9995682
1375,4.5285444,0.0010924364,4.527903,-1.5011218,4.5276794,1.5015528,4.52812,-3.0011244,4.5278325,2.9995675
1376,4.5320864,0.0010896262,4.5314465,-1.5011219,4.5312243,1.5015512,4.531713,-3.0011222,4.5313525,2.9995666
1377,4.5356073,0.0010888074,4.5350294,-1.5011187,4.534796,1.5015581,4.535254,-3.0011246,4.534902,2.999569
1378,4.5391507,0.0010874893,4.538572,-1.5011206,4.5383387,1.501558,4.5387754,-3.0011284,4.5384707,2.999572
1379,4.5427094,0.0010898568,4.5420947,-1.5011232,4.54186,1.5015583,4.5423226,-3.0011284,4.542013,2.999574
1380,4.5462523,0.0010936889,4.5456405,-1.5011284,4.545407,1.5015575,4.545892,-3.0011256,4.5455356,2.999573
1381,4.549774,0.0010973098,4.5492077,-1.5011252,4.548963,1.5015584,4.549437,-3.0011256,4.5490737,2.9995759
1382,4.55332,0.0011010414,4.552753,-1.501129,4.5525055,1.5015671,4.552956,-3.0011275,4.5526514,2.9995768
1383,4.5568876,0.0011063226,4.5562687,-1.5011324,4.556028,1.5015737,4.556501,-3.0011277,4.5561833,2.9995782
1384,4.560433,0.0011074746,4.5598173,-1.5011308,4.5595727,1.501579,4.5600853,-3.001125,4.559709,2.9995775
1385,4.563954,0.0011079622,4.563385,-1.5011287,4.5631495,1.5015837,4.5636277,-3.0011268,4.5632544,2.9995797
1386,4.567501,0.0011119212,4.5669312,-1.5011286,4.566692,1.5015905,4.567151,-3.0011292,4.566815,2.9995816
1387,4.5710893,0.0011169966,4.5704474,-1.5011309,4.5702114,1.5015943,4.570696,-3.001135,4.5703597,2.999586
1388,4.5746293,0.0011166675,4.573997,-1.5011295,4.5737586,1.5015993,4.5742702,-3.0011303,4.5738764,2.9995873
1389,4.5781536,0.001115902,4.5775795,-1.5011269,4.577336,1.5016047,4.577813,-3.0011363,4.577425,2.9995897
1390,4.5817027,0.0011193118,4.5811234,-1.5011293,4.58088,1.5016077,4.581332,-3.0011399,4.5810103,2.9995935
1391,4.5852704,0.0011222018,4.5846443,-1.5011319,4.5843983,1.5016093,4.58488,-3.0011425,4.584549,2.9995918
1392,4.588815,0.0011277064,4.5881906,-1.5011319,4.5879483,1.5016148,4.588438,-3.0011468,4.5880733,2.99959
1393,4.592333,0.0011297119,4.5917726,-1.5011287,4.591526,1.5016208,4.591984,-3.0011394,4.5916233,2.999593
1394,4.595881,0.0011327793,4.595315,-1.5011299,4.5950694,1.5016232,4.595498,-3.0011349,4.5951886,2.9995944
1395,4.59947,0.0011378012,4.598835,-1.5011326,4.5985885,1.5016247,4.599047,-3.0011356,4.598731,2.9995983
1396,4.6030116,0.0011393987,4.6023803,-1.5011318,4.602136,1.5016295,4.6026163,-3.0011358,4.602251,2.9995978
1397,4.606535,0.0011394903,4.6059637,-1.5011292,4.605718,1.5016334,4.6061625,-3.0011332,4.605794,2.999596
1398,4.6100793,0.0011364362,4.609506,-1.5011312,4.6092615,1.5016385,4.6096807,-3.0011334,4.609379,2.9995985
1399,4.6136446,0.0011435114,4.6130285,-1.5011338,4.612782,1.501642,4.613225,-3.001133,4.612918,2.9995975
1400,4.6171894,0.0011415426,4.6165733,-1.501137,4.616327,1.501647,4.616818,-3.0011303,4.616444,2.9995956
1401,4.620706,0.0011407405,4.620146,-1.5011356,4.6199126,1.5016532,4.620359,-3.0011332,4.6199894,2.9995923
1402,4.624253,0.00114355,4.6236887,-1.5011363,4.623457,1.5016557,4.623883,-3.0011363,4.6235495,2.9995909
1403,4.627811,0.0011465214,4.627207,-1.5011394,4.626976,1.501657,4.6274295,-3.0011368,4.627096,2.9995987
1404,4.6313543,0.0011498156,4.6307545,-1.5011392,4.630527,1.5016624,4.630994,-3.0011373,4.6306014,2.9996037
1405,4.634876,0.0011512479,4.6343327,-1.5011363,4.6341004,1.5016674,4.6345415,-3.0011353,4.6341486,2.999608
1406,4.638422,0.0011544289,4.6378765,-1.5011368,4.6376424,1.5016717,4.63806,-3.0011358,4.6377206,2.999609
1407,4.6420045,0.0011595844,4.6413965,-1.5011392,4.6411657,1.5016737,4.641605,-3.0011349,4.641266,2.9996116
1408,4.645545,0.0011611463,4.64494,-1.5011392,4.6447115,1.5016724,4.6451993,-3.0011327,4.644781,2.9996154
1409,4.649068,0.0011611842,4.6485214,-1.5011365,4.648283,1.5016773,4.648738,-3.0011353,4.648327,2.9996192
1410,4.652614,0.001165,4.652065,-1.5011386,4.6518264,1.5016824,4.652264,-3.0011396,4.651917,2.9996219
1411,4.6561975,0.0011700594,4.6555877,-1.5011412,4.6553464,1.5016848,4.6558084,-3.0011451,4.655459,2.9996252
1412,4.65974,0.0011710261,4.6591325,-1.5011452,4.658896,1.5016897,4.659371,-3.0011442,4.658978,2.9996257
1413,4.663263,0.0011712271,4.662709,-1.5011437,4.662481,1.5016958,4.6629157,-3.0011456,4.662524,2.9996278
1414,4.6668086,0.0011689002,4.6662493,-1.501145,4.6660247,1.5016981,4.666435,-3.0011468,4.666101,2.9996295
1415,4.670378,0.0011730221,4.669773,-1.5011477,4.6695433,1.5016994,4.6699815,-3.0011456,4.669644,2.999633
1416,4.6739206,0.00117649,4.673319,-1.501153,4.673092,1.5017048,4.6735606,-3.001143,4.6731634,2.999633
1417,4.6774435,0.001179271,4.6768847,-1.5011505,4.676675,1.5017114,4.677103,-3.0011446,4.6767073,2.9996352
1418,4.6809907,0.0011825096,4.680431,-1.5011523,4.6802173,1.5017138,4.680627,-3.0011477,4.6803007,2.9996376
1419,4.684569,0.0011858422,4.683949,-1.5011529,4.68374,1.5017154,4.684171,-3.001153,4.6838408,2.9996405
1420,4.6881104,0.0011887153,4.687494,-1.5011522,4.6872854,1.501714,4.6877456,-3.0011492,4.6873627,2.9996414
1421,4.6916337,0.0011909377,4.691067,-1.5011497,4.6908555,1.5017201,4.691288,-3.001155,4.690908,2.9996443
1422,4.695178,0.0011932806,4.69461,-1.5011501,4.6943984,1.5017225,4.6948066,-3.0011592,4.694486,2.9996467
1423,4.698762,0.0011988874,4.698132,-1.5011519,4.6979213,1.5017267,4.698356,-3.0011566,4.698028,2.9996507
1424,4.7023015,0.0012002002,4.701676,-1.5011529,4.701464,1.501731,4.701914,-3.0011575,4.7015495,2.9996524
1425,4.7058234,0.0012000721,4.705259,-1.5011497,4.7050447,1.5017363,4.705461,-3.0011547,4.705094,2.999654
1426,4.709368,0.0012027444,4.7087994,-1.5011511,4.708588,1.5017438,4.708977,-3.0011556,4.708674,2.9996572
1427,4.712951,0.0012078572,4.7123227,-1.5011542,4.7121067,1.5017477,4.712523,-3.0011551,4.7122145,2.999657
1428,4.716495,0.0012105873,4.715869,-1.5011544,4.715652,1.5017517,4.716118,-3.0011532,4.715738,2.9996555
1429,4.720013,0.0012102323,4.7194457,-1.5011516,4.7192383,1.501758,4.7196565,-3.0011556,4.7192836,2.999657
1430,4.723561,0.0012129516,4.7229877,-1.5011522,4.7227783,1.50176,4.723182,-3.001159,4.7228513,2.999658
1431,4.727142,0.001218121,4.7265086,-1.5011548,4.7262983,1.5017618,4.726725,-3.0011647,4.726397,2.9996617
1432,4.7306824,0.0012200909,4.730055,-1.5011542,4.729848,1.5017673,4.7302914,-3.0011613,4.729917,2.9996634
1433,4.734205,0.001220466,4.733638,-1.5011514,4.7334137,1.5017731,4.7338357,-3.0011663,4.733461,2.9996665
1434,4.737749,0.0012175678,4.737179,-1.5011524,4.73696,1.5017775,4.737352,-3.0011702,4.737055,2.9996686
1435,4.741325,0.001225305,4.740703,-1.501155,4.7404804,1.5017804,4.740902,-3.0011683,4.740597,2.9996722
1436,4.7448688,0.0012232253,4.74425,-1.50116,4.7440257,1.5017855,4.744464,-3.0011668,4.744117,2.9996724
1437,4.7483826,0.0012223077,4.747818,-1.5011594,4.747605,1.5017918,4.7480087,-3.0011663,4.747664,2.9996746
1438,4.7519317,0.0012262092,4.7513614,-1.5011556,4.7511454,1.5017936,4.7515287,-3.0011685,4.7512465,2.9996781
1439,4.755496,0.0012307805,4.7548814,-1.5011523,4.754668,1.5017946,4.755072,-3.0011685,4.7547894,2.999679
1440,4.75904,0.0012346313,4.7584257,-1.5011518,4.758213,1.5017976,4.758652,-3.0011656,4.758311,2.9996784
1441,4.762561,0.0012365291,4.7620053,-1.5011514,4.7617893,1.501802,4.7621965,-3.0011678,4.761859,2.9996743
1442,4.7661047,0.0012366102,4.76555,-1.5011486,4.7653294,1.501806,4.765713,-3.001171,4.765421,2.999677
1443,4.769682,0.001240958,4.769068,-1.5011488,4.7688503,1.5018082,4.7692614,-3.0011704,4.768964,2.9996817
1444,4.7732263,0.0012429592,4.772614,-1.5011483,4.772396,1.5018135,4.772843,-3.0011683,4.7724867,2.9996858
1445,4.776746,0.0012435851,4.776201,-1.5011455,4.775972,1.50182,4.776384,-3.0011692,4.7760315,2.9996889
1446,4.780291,0.0012467811,4.7797403,-1.5011474,4.7795153,1.5018237,4.779907,-3.0011723,4.779613,2.999692
1447,4.783868,0.0012521627,4.783263,-1.5011505,4.783036,1.501826,4.7834516,-3.0011778,4.783154,2.9996965
1448,4.787411,0.0012549892,4.7868085,-1.5011507,4.7865815,1.5018277,4.7870283,-3.0011723,4.786673,2.9996972
1449,4.7909284,0.0012552942,4.790383,-1.5011476,4.7901516,1.5018357,4.790569,-3.001178,4.7902217,2.9996996
1450,4.7944775,0.001259133,4.7939267,-1.5011483,4.7936935,1.5018357,4.7940884,-3.001182,4.7938004,2.9997034
1451,4.7980523,0.0012639107,4.7974486,-1.5011505,4.797215,1.5018374,4.797635,-3.0011866,4.7973433,2.9997032
1452,4.801595,0.0012660724,4.800994,-1.5011545,4.8007603,1.5018411,4.8011856,-3.00119,4.8008666,2.9997017
1453,4.805118,0.0012670289,4.8045716,-1.5011498,4.8043246,1.5018461,4.80473,-3.0011842,4.804413,2.9997048
1454,4.8086615,0.0012687068,4.808114,-1.5011544,4.8078675,1.5018513,4.808248,-3.0011816,4.8079915,2.9997075
1455,4.812241,0.001274216,4.811632,-1.5011579,4.811388,1.5018533,4.811797,-3.001181,4.8115354,2.9997096
1456,4.815784,0.0012756165,4.8151827,-1.5011548,4.814936,1.5018592,4.815368,-3.0011814,4.815053,2.9997103
1457,4.8193054,0.0012761514,4.8187375,-1.501155,4.818512,1.5018651,4.8189135,-3.0011795,4.8186026,2.999714
1458,4.82285,0.0012796338,4.8222833,-1.5011513,4.822053,1.5018678,4.822431,-3.00118,4.8221865,2.999716
1459,4.826436,0.0012849079,4.8258,-1.501151,4.8255725,1.5018691,4.825974,-3.0011806,4.825729,2.9997184
1460,4.829978,0.0012871748,4.829346,-1.5011504,4.8291187,1.5018741,4.8295693,-3.001178,4.829248,2.9997184
1461,4.8335004,0.0012875606,4.8329344,-1.5011475,4.8326983,1.5018802,4.83311,-3.0011811,4.832794,2.9997213
1462,4.8370466,0.001291443,4.8364744,-1.5011497,4.8362393,1.5018831,4.836632,-3.001185,4.8363767,2.9997232
1463,4.840629,0.001296398,4.839997,-1.5011526,4.8397613,1.5018849,4.8401804,-3.0011847,4.83992,2.9997268
1464,4.844171,0.00129843,4.843543,-1.5011523,4.843307,1.5018834,4.8437433,-3.001186,4.843438,2.9997282
1465,4.847693,0.0012989521,4.84712,-1.5011492,4.846874,1.5018911,4.8472905,-3.0011833,4.8469872,2.999732
1466,4.851237,0.0012962051,4.850663,-1.50115,4.8504186,1.5018915,4.8508077,-3.001183,4.8505754,2.9997346
1467,4.854811,0.0013041485,4.854185,-1.5011518,4.853935,1.5018923,4.8543525,-3.0011823,4.854117,2.999738
1468,4.8583555,0.001302237,4.8577294,-1.5011531,4.8574853,1.5018996,4.8579473,-3.0011802,4.857636,2.9997377
1469,4.861873,0.0013015385,4.861311,-1.5011495,4.861046,1.5019037,4.861487,-3.001183,4.861184,2.99974
1470,4.865421,0.0013014232,4.8648524,-1.5011511,4.8645906,1.5019087,4.8650064,-3.0011873,4.864766,2.9997444
1471,4.86897,0.0012993988,4.8683743,-1.5011536,4.8681107,1.5019118,4.8685527,-3.0011876,4.8683076,2.9997442
1472,4.872521,0.0013101227,4.87192,-1.5011536,4.8716555,1.5019169,4.8721213,-3.0011852,4.8718314,2.9997435
1473,4.876033,0.001316882,4.875502,-1.5011508,4.8752475,1.5019212,4.8756657,-3.0011852,4.8753777,2.9997408
1474,4.879584,0.0013211403,4.879045,-1.5011512,4.8787913,1.5019262,4.8791847,-3.0011878,4.878948,2.999744
1475,4.883158,0.0013244245,4.8825665,-1.5011533,4.882313,1.5019287,4.88273,-3.0011866,4.882489,2.999747
1476,4.886703,0.0013293327,4.8861146,-1.5011575,4.88586,1.5019342,4.8863125,-3.0011842,4.8860087,2.9997501
1477,4.89022,0.0013309307,4.8896823,-1.5011581,4.889444,1.5019405,4.889854,-3.0011847,4.889555,2.9997532
1478,4.8937683,0.0013342104,4.893226,-1.5011533,4.892984,1.5019432,4.8933764,-3.0011876,4.893138,2.9997559
1479,4.8973575,0.0013396344,4.896747,-1.5011504,4.896505,1.501945,4.8969226,-3.0011861,4.8966784,2.9997594
1480,4.900897,0.0013401016,4.900293,-1.5011481,4.900049,1.5019445,4.9005036,-3.0011837,4.9002,2.9997597
