frame,leader_x,leader_y,f1_x,f1_y,f2_x,f2_y
0,-5.401671e-08,5.302718e-08,-9.49949e-08,-1.4999999,-1.6577542e-07,1.4999999
1,0.003526304,-1.9300423e-06,0.0035280539,-1.5000005,0.0035248771,1.4999994
2,0.007051062,-3.2586759e-06,0.0070451405,-1.5000015,0.0070486274,1.4999968
3,0.010591676,-5.6519857e-06,0.010590687,-1.5000058,0.010588784,1.4999924
4,0.014124865,-4.0879822e-06,0.014123734,-1.5000069,0.014120031,1.4999919
5,0.0176672,-5.766051e-06,0.017680727,-1.5000062,0.0176351,1.4999913
6,0.021189928,-5.859307e-06,0.021201175,-1.5000067,0.021150373,1.4999907
7,0.024713604,-8.230643e-06,0.02472771,-1.5000081,0.024678139,1.4999875
8,0.028257351,-9.46247e-06,0.028268736,-1.5000107,0.028217858,1.499983
9,0.03179183,-1.0870215e-05,0.031803586,-1.5000112,0.031754866,1.4999834
10,0.034255836,0.00031228692,0.03537071,-1.5000085,0.039569594,1.4967421
11,0.036479443,-0.00034510455,0.038844172,-1.5000088,0.041822463,1.4960227
12,0.037170738,-0.000681989,0.04172937,-1.4998317,0.039850663,1.4947453
13,0.0393813,-0.0012951004,0.0009359941,-1.5065982,0.03820537,1.4937758
14,0.04261523,-0.0016776657,0.023606248,-1.4885072,0.03644061,1.4930854
15,0.045755617,-0.001961618,0.049972452,-1.4687544,0.03465347,1.4926716
16,0.049094863,-0.0020754826,0.07885067,-1.4480146,0.032657813,1.4927157
17,0.04545465,-0.02748594,0.11087005,-1.4262846,0.031437628,1.493472
18,0.047678437,-0.03539301,0.1464988,-1.4036087,0.03104206,1.494684
19,0.05729441,-0.035046082,0.18600643,-1.3800806,0.031028334,1.4962752
20,0.06678161,-0.033894103,0.22943054,-1.3558407,0.031230062,1.4979799
21,0.07642786,-0.032651246,0.27655274,-1.3310722,0.031850148,1.5001196
22,0.08626191,-0.031300224,0.3268856,-1.3059925,0.032836534,1.5025079
23,0.09631244,-0.029823013,0.37967673,-1.2808405,0.034843083,1.5051671
24,0.10660786,-0.028200723,0.43393418,-1.2558595,0.03814107,1.5069938
25,0.11748568,-0.026119746,0.48847783,-1.2312759,0.041740958,1.5079966
26,0.13031076,-0.0223938,0.54202044,-1.2072737,0.04561087,1.5084983
27,0.14508578,-0.017231613,0.59327734,-1.1839703,0.04975006,1.5088371
28,0.16043434,-0.01165273,0.64109725,-1.1613925,0.054069564,1.5091541
29,0.17573309,-0.005733207,0.6846041,-1.1394614,0.058582176,1.509538
30,0.19035724,-0.00049865246,0.72332597,-1.1179885,0.06321378,1.5099462
31,0.20488906,0.004896596,0.75728756,-1.0966862,0.067936376,1.5103314
32,0.21888563,0.009835601,0.7870425,-1.075197,0.072690405,1.5107349
33,0.2326017,0.0146237165,0.8136275,-1.0531344,0.07741216,1.5111524
34,0.246196,0.019528925,0.83844215,-1.0301329,0.0820591,1.511567
35,0.25935084,0.02396968,0.86306846,-1.0058957,0.086516365,1.5119276
36,0.27226287,0.028251931,0.8890666,-0.98023295,0.09071106,1.5123031
37,0.28500307,0.032344654,0.917781,-0.9530824,0.09454267,1.5126166
38,0.29757708,0.036271393,0.95019436,-0.9245104,0.09786126,1.5129467
39,0.31005347,0.040026307,0.98684174,-0.8946972,0.102446094,1.5133598
40,0.32086578,0.043533072,1.027798,-0.86390793,0.1048911,1.513104
41,0.0,0.0,0.0,-1.5,0.0,1.5
42,0.0,0.0,0.0,-1.5,0.0,1.5
43,0.0,0.0,0.0,-1.5,0.0,1.5
44,0.0,0.0,0.0,-1.5,0.0,1.5
45,0.0,0.0,0.0,-1.5,0.0,1.5
46,0.0,0.0,0.0,-1.5,0.0,1.5
47,0.0,0.0,0.0,-1.5,0.0,1.5
48,0.0,0.0,0.0,-1.5,0.0,1.5
49,0.0,0.0,0.0,-1.5,0.0,1.5
50,0.0,0.0,0.0,-1.5,0.0,1.5
51,0.0,0.0,0.0,-1.5,0.0,1.5
52,0.0,0.0,0.0,-1.5,0.0,1.5
53,0.0,0.0,0.0,-1.5,0.0,1.5
54,0.0,0.0,0.0,-1.5,0.0,1.5
55,0.0,0.0,0.0,-1.5,0.0,1.5
56,0.0,0.0,0.0,-1.5,0.0,1.5
57,0.0,0.0,0.0,-1.5,0.0,1.5
58,0.0,0.0,0.0,-1.5,0.0,1.5
59,0.0,0.0,0.0,-1.5,0.0,1.5
60,0.0,0.0,0.0,-1.5,0.0,1.5
61,0.0,0.0,0.0,-1.5,0.0,1.5
62,0.0,0.0,0.0,-1.5,0.0,1.5
63,0.0,0.0,0.0,-1.5,0.0,1.5
64,0.0,0.0,0.0,-1.5,0.0,1.5
65,0.0,0.0,0.0,-1.5,0.0,1.5
66,0.0,0.0,0.0,-1.5,0.0,1.5
67,0.0,0.0,0.0,-1.5,0.0,1.5
68,0.0,0.0,0.0,-1.5,0.0,1.5
69,0.0,0.0,0.0,-1.5,0.0,1.5
70,0.0,0.0,0.0,-1.5,0.0,1.5
71,0.0,0.0,0.0,-1.5,0.0,1.5
72,0.0,0.0,0.0,-1.5,0.0,1.5
73,0.0,0.0,0.0,-1.5,0.0,1.5
74,0.0,0.0,0.0,-1.5,0.0,1.5
75,0.0,0.0,0.0,-1.5,0.0,1.5
76,0.0,0.0,0.0,-1.5,0.0,1.5
77,0.0,0.0,0.0,-1.5,0.0,1.5
78,0.0,0.0,0.0,-1.5,0.0,1.5
79,0.0,0.0,0.0,-1.5,0.0,1.5
80,0.0,0.0,0.0,-1.5,0.0,1.5
81,0.0,0.0,0.0,-1.5,0.0,1.5
82,0.0,0.0,0.0,-1.5,0.0,1.5
83,0.0,0.0,0.0,-1.5,0.0,1.5
84,0.0,0.0,0.0,-1.5,0.0,1.5
85,0.0,0.0,0.0,-1.5,0.0,1.5
86,0.0,0.0,0.0,-1.5,0.0,1.5
87,0.0,0.0,0.0,-1.5,0.0,1.5
88,0.0,0.0,0.0,-1.5,0.0,1.5
89,0.0,0.0,0.0,-1.5,0.0,1.5
90,0.0,0.0,0.0,-1.5,0.0,1.5
91,0.0,0.0,0.0,-1.5,0.0,1.5
92,0.0,0.0,0.0,-1.5,0.0,1.5
93,0.0,0.0,0.0,-1.5,0.0,1.5
94,0.0,0.0,0.0,-1.5,0.0,1.5
95,0.0,0.0,0.0,-1.5,0.0,1.5
96,0.0,0.0,0.0,-1.5,0.0,1.5
97,0.0,0.0,0.0,-1.5,0.0,1.5
98,0.0,0.0,0.0,-1.5,0.0,1.5
99,0.0,0.0,0.0,-1.5,0.0,1.5
100,0.0,0.0,0.0,-1.5,0.0,1.5
101,0.0,0.0,0.0,-1.5,0.0,1.5
102,0.0,0.0,0.0,-1.5,0.0,1.5
103,0.0,0.0,0.0,-1.5,0.0,1.5
104,0.0,0.0,0.0,-1.5,0.0,1.5
105,0.0,0.0,0.0,-1.5,0.0,1.5
106,0.0,0.0,0.0,-1.5,0.0,1.5
107,0.0,0.0,0.0,-1.5,0.0,1.5
108,0.0,0.0,0.0,-1.5,0.0,1.5
109,-3.3527613e-08,1.4707621e-07,4.8428774e-08,-1.4999999,3.1664968e-08,1.5000001
110,0.0035319068,-1.1512893e-06,0.003530372,-1.500001,0.0035291929,1.4999988
111,0.00705716,-6.5060885e-07,0.007062344,-1.5000007,0.007060511,1.4999988
112,0.010604592,-3.9693914e-06,0.010603752,-1.5000024,0.0106022395,1.4999965
113,0.014133861,-4.8888614e-06,0.014136471,-1.5000007,0.014133645,1.4999967
114,0.017678266,-3.5818011e-06,0.017639326,-1.5000011,0.01765825,1.4999973
115,0.021204185,-4.6081623e-06,0.021163141,-1.5000008,0.021183465,1.4999955
116,0.024733512,-6.374212e-06,0.024692839,-1.5000007,0.024716465,1.4999945
117,0.02827948,-9.979485e-06,0.028240317,-1.5000015,0.028258719,1.4999925
118,0.031809673,-9.257703e-06,0.03177323,-1.5000005,0.031796332,1.4999944
119,0.03532467,-1.459632e-05,0.035321295,-1.5000004,0.03533638,1.4999912
120,0.038837567,-1.9390493e-05,0.038845517,-1.5000006,0.03885699,1.4999845
121,0.042379618,-1.6724734e-05,0.042376764,-1.5000011,0.042404346,1.4999799
122,0.04589746,-1.6525315e-05,0.04591965,-1.5000017,0.04596492,1.4999746
123,0.04944727,-1.5127262e-05,0.049457803,-1.5000008,0.04950404,1.4999796
124,0.05296722,-1.1394361e-05,0.053003095,-1.4999995,0.053004887,1.4999814
125,0.056553487,-6.0303864e-06,0.056524068,-1.500002,0.056547694,1.4999758
126,0.060078945,-6.12063e-06,0.06007211,-1.5000018,0.06012489,1.499977
127,0.0635918,-8.155512e-06,0.06364547,-1.5000004,0.06366776,1.4999728
128,0.06714086,-9.089519e-06,0.06718549,-1.5000011,0.06719056,1.4999707
129,0.07068651,-7.767485e-06,0.070709825,-1.5000037,0.070729665,1.4999648
130,0.07422901,-7.617229e-06,0.0742556,-1.5000092,0.07429291,1.4999677
131,0.07775329,-9.809308e-06,0.0778192,-1.50001,0.077834725,1.4999621
132,0.081297696,-9.560841e-06,0.08135867,-1.5000097,0.08135827,1.4999583
133,0.08486983,-1.0319665e-05,0.084882855,-1.5000118,0.084905095,1.4999533
134,0.08840806,-9.963274e-06,0.088427976,-1.5000161,0.08843616,1.4999484
135,0.091931015,-1.2343997e-05,0.09199376,-1.5000157,0.09197341,1.4999508
136,0.09547429,-1.15889125e-05,0.0955352,-1.5000175,0.09549479,1.4999484
137,0.09906337,-1.0531585e-05,0.09905924,-1.50002,0.09903942,1.499946
138,0.10260049,-9.322168e-06,0.102605745,-1.5000257,0.10262315,1.4999461
139,0.10612438,-1.1465054e-05,0.10617316,-1.5000267,0.10616273,1.499944
140,0.10966903,-1.1059616e-05,0.10971309,-1.5000256,0.10968818,1.4999404
141,0.11324255,-9.89862e-06,0.113236435,-1.500025,0.11323229,1.4999338
142,0.11678398,-8.070798e-06,0.11678335,-1.5000242,0.11679537,1.4999366
143,0.12030363,-1.0106756e-05,0.12035343,-1.5000244,0.12033687,1.4999312
144,0.12384719,-1.02170525e-05,0.12389479,-1.5000228,0.12385955,1.4999267
145,0.12742469,-9.21922e-06,0.12741718,-1.500024,0.1274056,1.4999205
146,0.13094777,-6.4158503e-06,0.1309605,-1.5000255,0.13093169,1.4999171
147,0.13445742,-6.000766e-06,0.13453777,-1.5000241,0.13447553,1.4999174
148,0.13798833,-2.8128634e-06,0.1380766,-1.5000273,0.13799855,1.4999168
149,0.14157192,-3.6551646e-06,0.14160083,-1.5000298,0.14154385,1.4999169
150,0.14510556,-2.6718772e-06,0.14514458,-1.5000361,0.14507571,1.4999169
151,0.14862227,-4.7776775e-06,0.14871006,-1.5000337,0.14864482,1.4999206
152,0.15217006,-6.984941e-06,0.15225002,-1.5000395,0.15217017,1.4999197
153,0.15574801,-6.5823333e-06,0.1557719,-1.5000441,0.15570107,1.4999186
154,0.1592899,-7.8494195e-06,0.15932024,-1.5000494,0.15924685,1.4999174
155,0.16281214,-1.2357581e-05,0.16286865,-1.5000539,0.16277811,1.4999185
156,0.16635697,-1.5788173e-05,0.16640984,-1.5000485,0.1663211,1.4999195
157,0.16992582,-1.655145e-05,0.16993147,-1.5000448,0.16984418,1.4999185
158,0.17346585,-1.7934144e-05,0.17347807,-1.5000408,0.17337534,1.4999181
159,0.17698893,-2.1010761e-05,0.17702825,-1.5000408,0.17691639,1.4999164
160,0.18053411,-2.83572e-05,0.18057775,-1.5000362,0.18046378,1.4999188
161,0.18410546,-2.60515e-05,0.18410005,-1.5000364,0.18400382,1.4999207
162,0.18764661,-3.3045748e-05,0.18764715,-1.5000343,0.18752977,1.4999217
163,0.19116807,-3.795862e-05,0.19120769,-1.5000346,0.19107375,1.4999214
164,0.19471401,-4.4313667e-05,0.19475096,-1.5000337,0.19461432,1.4999218
165,0.1982741,-4.72706e-05,0.19827382,-1.5000353,0.1981568,1.4999241
166,0.20181614,-4.232567e-05,0.20182407,-1.5000373,0.20167935,1.4999235
167,0.20533898,-3.888919e-05,0.20537704,-1.5000385,0.20522268,1.4999204
168,0.20888637,-3.3859644e-05,0.2089216,-1.5000366,0.20880072,1.4999217
169,0.21243611,-3.2463227e-05,0.21244253,-1.5000379,0.21234079,1.499921
170,0.21597886,-3.4511424e-05,0.21598944,-1.5000391,0.2158612,1.4999174
171,0.21949874,-3.7474994e-05,0.21954536,-1.5000378,0.21940719,1.499916
172,0.2230463,-3.8674505e-05,0.22308472,-1.500038,0.22297418,1.4999167
173,0.22660911,-3.8411377e-05,0.22660954,-1.5000397,0.22651437,1.4999149
174,0.23015247,-3.8698894e-05,0.23016036,-1.5000426,0.23003717,1.4999114
175,0.23367481,-4.1744e-05,0.23369893,-1.5000465,0.23358269,1.4999111
176,0.23722245,-4.3060347e-05,0.23724954,-1.5000396,0.23715803,1.4999125
177,0.24079521,-4.218394e-05,0.240765,-1.5000368,0.24069808,1.4999098
178,0.24433681,-4.2317755e-05,0.24431409,-1.5000373,0.24421991,1.4999053
179,0.2478567,-4.588723e-05,0.24785869,-1.5000367,0.24776216,1.4999007
180,0.251402,-4.8812464e-05,0.25140074,-1.5000349,0.25134218,1.499901
181,0.25496894,-4.951303e-05,0.2549208,-1.5000353,0.2548845,1.4998996
182,0.2585047,-4.928958e-05,0.25846633,-1.5000361,0.2584048,1.4998956
183,0.2620285,-5.1700317e-05,0.26202196,-1.5000358,0.26194933,1.499895
184,0.26557192,-5.1574687e-05,0.26556534,-1.5000331,0.26553193,1.4998968
185,0.26915842,-5.053213e-05,0.26908997,-1.5000339,0.26907215,1.4998953
186,0.2726996,-5.2076437e-05,0.27263385,-1.5000345,0.27259383,1.4998918
187,0.27622062,-5.5500648e-05,0.2761837,-1.5000335,0.2761383,1.4998884
188,0.27976704,-5.695026e-05,0.2797271,-1.5000302,0.27970892,1.4998888
189,0.2833394,-5.498221e-05,0.28324828,-1.5000321,0.283249,1.4998866
190,0.28687876,-5.7724857e-05,0.2867968,-1.5000331,0.28676954,1.4998826
191,0.2904019,-6.1082064e-05,0.29034773,-1.5000317,0.29031578,1.4998821
192,0.2939497,-6.7697074e-05,0.2938868,-1.5000315,0.29389235,1.4998841
193,0.29750988,-6.802977e-05,0.29741114,-1.500033,0.29743016,1.4998803
194,0.30105236,-6.578416e-05,0.30095544,-1.5000368,0.3009534,1.4998748
195,0.3045736,-6.505511e-05,0.30450472,-1.5000358,0.30449843,1.4998688
196,0.30812243,-6.5885746e-05,0.3080463,-1.5000348,0.3080647,1.4998702
197,0.31168947,-6.548975e-05,0.31156987,-1.5000353,0.31160575,1.4998653
198,0.31522873,-6.664151e-05,0.31511468,-1.5000391,0.3151275,1.4998605
199,0.31875116,-6.850486e-05,0.3186669,-1.5000381,0.318674,1.499855
200,0.322297,-6.828965e-05,0.32220876,-1.5000373,0.3222295,1.4998529
201,0.32587835,-6.7145156e-05,0.32573235,-1.5000381,0.32577452,1.4998567
202,0.32941696,-6.903362e-05,0.3292782,-1.5000428,0.32929498,1.4998587
203,0.33294126,-7.19739e-05,0.33282146,-1.5000426,0.33284244,1.499864
204,0.33648655,-7.80252e-05,0.3363647,-1.5000414,0.3363956,1.4998658
205,0.34005508,-7.5280856e-05,0.33988613,-1.5000426,0.33993942,1.4998671
206,0.34359533,-8.1345934e-05,0.34343302,-1.5000465,0.3434605,1.499867
207,0.34711656,-8.5716456e-05,0.3469869,-1.500047,0.3470102,1.4998666
208,0.35066348,-9.02259e-05,0.35053277,-1.5000445,0.35055616,1.4998676
209,0.35421875,-9.493702e-05,0.3540522,-1.5000447,0.35410002,1.4998704
210,0.35776144,-8.904638e-05,0.35759956,-1.5000452,0.3576222,1.4998686
211,0.36128202,-8.6549364e-05,0.36115733,-1.5000445,0.36117035,1.4998683
212,0.36482936,-8.136519e-05,0.36470044,-1.5000417,0.3647224,1.499869
213,0.36837375,-7.861431e-05,0.3682217,-1.5000427,0.3682645,1.4998715
214,0.37191868,-7.9634774e-05,0.37177074,-1.5000448,0.37178618,1.4998701
215,0.37543973,-8.2027946e-05,0.375306,-1.5000494,0.3753348,1.4998688
216,0.37898827,-8.8772314e-05,0.37884587,-1.5000429,0.37887523,1.4998693
217,0.38252723,-9.104416e-05,0.382366,-1.5000404,0.38241914,1.4998705
218,0.38607192,-8.5402244e-05,0.38591298,-1.5000387,0.38594177,1.4998685
219,0.38959175,-8.321203e-05,0.38949874,-1.5000371,0.38948688,1.4998646
220,0.3931395,-7.938651e-05,0.3930396,-1.5000381,0.39302993,1.4998643
221,0.3966867,-7.879739e-05,0.39656258,-1.5000404,0.3965734,1.4998643
222,0.4002333,-7.535897e-05,0.4001076,-1.5000466,0.40009528,1.4998637
223,0.40375367,-7.62656e-05,0.4036672,-1.500044,0.4036433,1.4998608
224,0.40730345,-7.542322e-05,0.4072077,-1.5000479,0.4071998,1.4998624
225,0.41086292,-7.4902346e-05,0.41073233,-1.5000505,0.41074187,1.4998636
226,0.41440737,-7.414124e-05,0.41427734,-1.5000552,0.41426578,1.4998623
227,0.4179289,-7.737292e-05,0.41780746,-1.5000559,0.41781253,1.4998612
228,0.4214778,-7.681489e-05,0.42135748,-1.5000573,0.42134345,1.4998591
229,0.42503685,-7.620924e-05,0.42486146,-1.5000603,0.4248792,1.4998604
230,0.42858166,-7.510004e-05,0.42841643,-1.5000616,0.42839953,1.4998603
231,0.43210226,-7.622159e-05,0.43195465,-1.5000612,0.43193838,1.4998614
232,0.43564913,-8.1205675e-05,0.43557125,-1.5000578,0.43549934,1.499863
233,0.4392042,-7.978102e-05,0.43911177,-1.5000612,0.43902776,1.4998629
234,0.44274446,-8.0791986e-05,0.44263494,-1.500066,0.44255754,1.4998628
235,0.4462682,-8.4519714e-05,0.4461816,-1.5000714,0.44610092,1.4998622
236,0.44981897,-8.6194865e-05,0.44974142,-1.5000736,0.44963557,1.4998617
237,0.45335066,-8.686888e-05,0.45328212,-1.5000699,0.45317242,1.4998606
238,0.4568903,-8.6587796e-05,0.4568051,-1.5000691,0.45669356,1.4998547
239,0.46041268,-8.933473e-05,0.46035185,-1.5000645,0.4602381,1.4998512
240,0.46395832,-9.323616e-05,0.46391284,-1.5000653,0.4638227,1.4998524
241,0.46751904,-9.270717e-05,0.46745598,-1.5000625,0.4673608,1.4998492
242,0.4710607,-9.369049e-05,0.47097576,-1.5000637,0.47088608,1.4998459
243,0.47458434,-9.696467e-05,0.4745251,-1.5000623,0.47443134,1.4998394
244,0.47813264,-0.000101526726,0.4781017,-1.5000606,0.47798848,1.4998385
245,0.48168534,-0.00010500861,0.48164004,-1.5000641,0.4815305,1.4998409
246,0.48523325,-9.864307e-05,0.48516586,-1.5000683,0.48505363,1.4998417
247,0.48874843,-9.556385e-05,0.48870876,-1.5000746,0.48860103,1.4998446
248,0.49229723,-9.158533e-05,0.492278,-1.500072,0.4921526,1.499846
249,0.49584118,-8.987986e-05,0.49581787,-1.500078,0.49569792,1.4998477
250,0.49938545,-8.8903784e-05,0.49934006,-1.5000823,0.4992198,1.4998473
251,0.502909,-9.324963e-05,0.5028852,-1.5000877,0.5027656,1.4998462
252,0.50645757,-9.803529e-05,0.50643194,-1.5000901,0.50630826,1.499847
253,0.51,-0.00010098935,0.50997585,-1.5000848,0.5098508,1.499849
254,0.5135447,-9.530269e-05,0.51349765,-1.5000817,0.5133727,1.499848
255,0.517067,-9.418774e-05,0.5170457,-1.5000768,0.5169189,1.4998463
256,0.5206154,-9.246201e-05,0.5205968,-1.5000767,0.5204705,1.4998466
257,0.5241754,-9.225329e-05,0.52414334,-1.5000712,0.52401525,1.4998478
258,0.5277179,-9.203924e-05,0.5276644,-1.500069,0.52753717,1.4998473
259,0.5312404,-9.427083e-05,0.53120995,-1.5000635,0.5310834,1.4998457
260,0.53478616,-9.7367614e-05,0.53476286,-1.5000635,0.5346364,1.4998472
261,0.5383412,-0.00010084157,0.53830904,-1.50006,0.53818077,1.4998494
262,0.5418898,-9.5991265e-05,0.54183036,-1.5000582,0.5417015,1.4998494
263,0.54540944,-9.4332994e-05,0.5453765,-1.5000551,0.5452495,1.4998504
264,0.5489582,-9.205053e-05,0.54892796,-1.5000539,0.5487895,1.4998507
265,0.5525129,-9.158543e-05,0.55247146,-1.5000513,0.5523328,1.4998518
266,0.5560572,-9.175062e-05,0.55599433,-1.5000513,0.5558556,1.4998498
267,0.5595777,-9.535181e-05,0.55954087,-1.5000514,0.5594008,1.4998449
268,0.5631276,-9.96832e-05,0.5630792,-1.5000505,0.56294155,1.4998425
269,0.5666597,-0.000105524494,0.5666197,-1.5000519,0.56648725,1.4998453
270,0.57019496,-0.00010280437,0.5701409,-1.5000564,0.57000864,1.4998468
271,0.57371676,-0.00010250529,0.5736908,-1.5000627,0.5735546,1.4998478
272,0.577258,-0.000102685764,0.5772428,-1.5000653,0.57711387,1.4998479
273,0.58084446,-0.00010090561,0.580789,-1.500059,0.580658,1.4998492
274,0.58437765,-0.000103009785,0.5843079,-1.500055,0.58417934,1.4998485
275,0.58790815,-0.00010566663,0.58785486,-1.5000494,0.5877255,1.4998475
276,0.5914497,-0.00011074801,0.59139264,-1.5000465,0.5913017,1.4998482
277,0.5950007,-0.000109683526,0.59493333,-1.5000522,0.5948417,1.4998451
278,0.59854084,-0.000111727044,0.5984544,-1.5000565,0.59836566,1.4998419
279,0.60206336,-0.00011406923,0.60199964,-1.5000616,0.60191137,1.4998362
280,0.60561424,-0.00011722727,0.60556746,-1.5000616,0.6054729,1.4998355
281,0.6091412,-0.00011815314,0.6091076,-1.5000623,0.6090138,1.4998385
282,0.6126885,-0.00011848735,0.61263293,-1.5000637,0.61253566,1.4998386
283,0.61618304,-0.00012266324,0.6161754,-1.5000676,0.6160848,1.4998385
284,0.61973906,-0.00012157063,0.6197454,-1.5000658,0.6196519,1.4998384
285,0.623281,-0.000121159144,0.62328494,-1.5000658,0.623193,1.4998379
286,0.6268897,-0.000120161356,0.6268096,-1.5000681,0.62671536,1.4998369
287,0.6304325,-0.000120237724,0.6303541,-1.5000727,0.63025945,1.4998323
288,0.6339551,-0.000121220175,0.6339144,-1.5000727,0.6338414,1.4998338
289,0.63749874,-0.00012529947,0.63745767,-1.5000733,0.6373787,1.4998312
290,0.641071,-0.00012548998,0.6409814,-1.5000749,0.6409041,1.4998274
291,0.6446111,-0.00012767519,0.6445262,-1.500079,0.64444846,1.4998198
292,0.6481361,-0.00013011192,0.64808565,-1.5000786,0.64800465,1.4998193
293,0.65168047,-0.00013693207,0.6516284,-1.5000786,0.6515485,1.4998205
294,0.65525204,-0.00013406872,0.6551508,-1.5000799,0.65507185,1.4998213
295,0.6587918,-0.00014064669,0.6586988,-1.5000794,0.6586194,1.499823
296,0.6623132,-0.00014441066,0.6622602,-1.5000781,0.6621617,1.4998237
297,0.6658599,-0.00015057588,0.66580296,-1.5000769,0.6657034,1.4998248
298,0.66940457,-0.00015222657,0.66932493,-1.500079,0.6692274,1.499824
299,0.67294794,-0.00014636082,0.6728725,-1.5000834,0.67277133,1.4998208
300,0.67647004,-0.0001440413,0.6764125,-1.5000856,0.67632437,1.4998215
301,0.680018,-0.00013993986,0.6799532,-1.5000801,0.6798659,1.4998221
302,0.6835737,-0.0001362515,0.68347466,-1.5000784,0.68339074,1.4998196
303,0.6871184,-0.0001409508,0.68702227,-1.5000759,0.686937,1.4998173
304,0.69064116,-0.00014580565,0.6905834,-1.5000764,0.6904813,1.4998175
305,0.69418854,-0.00015223361,0.6941256,-1.5000744,0.6940225,1.4998192
306,0.6977292,-0.00015471914,0.69764686,-1.5000756,0.69754744,1.4998167
307,0.70127386,-0.0001522477,0.70119303,-1.500076,0.70109385,1.4998156
308,0.7047958,-0.00015101105,0.7047668,-1.5000751,0.70464975,1.4998165
309,0.7083434,-0.00015080809,0.7083059,-1.5000777,0.7081941,1.4998157
310,0.7119112,-0.00015044618,0.7118297,-1.5000814,0.7117182,1.4998126
311,0.71545136,-0.00015060665,0.7153768,-1.5000879,0.71526533,1.4998107
312,0.71897393,-0.00015279104,0.7189396,-1.5000888,0.7188204,1.49981
313,0.72252005,-0.00015659063,0.7224787,-1.500088,0.7223646,1.4998114
314,0.72608614,-0.00015734146,0.7260041,-1.5000874,0.725887,1.4998094
315,0.72962826,-0.000159433,0.72954756,-1.500086,0.7294319,1.4998076
316,0.7331511,-0.00016249338,0.73311836,-1.5000837,0.73299223,1.4998077
317,0.7366967,-0.00016910557,0.73665684,-1.500084,0.7365376,1.4998094
318,0.74026984,-0.00016582003,0.74018013,-1.5000862,0.74005926,1.4998091
319,0.7438098,-0.00017243545,0.7437258,-1.5000918,0.74360585,1.4998087
320,0.7473312,-0.00017672578,0.7472876,-1.5000918,0.74716663,1.4998093
321,0.750878,-0.00018289892,0.7508276,-1.5000919,0.75071007,1.4998106
322,0.7544319,-0.00018477275,0.75435376,-1.5000924,0.75423044,1.4998082
323,0.75797594,-0.00018009072,0.757898,-1.5000935,0.75777745,1.4998038
324,0.7614979,-0.0001783288,0.76145077,-1.5000919,0.7613293,1.4998043
325,0.7650449,-0.00017344684,0.764993,-1.50009,0.7648726,1.4998066
326,0.7685813,-0.00017248266,0.7685158,-1.5000895,0.7683935,1.4998045
327,0.7721221,-0.00017333106,0.77206224,-1.5000886,0.7719421,1.4998032
328,0.77564466,-0.00017669259,0.7756034,-1.5000889,0.7754931,1.4998033
329,0.77918816,-0.00018358004,0.77914387,-1.5000888,0.7790368,1.4998049
330,0.7827697,-0.00018038915,0.78266734,-1.5000911,0.7825595,1.4998044
331,0.7863075,-0.00018768245,0.78621024,-1.5000964,0.7861046,1.4998039
332,0.7898286,-0.00019177637,0.78976977,-1.5000961,0.78965294,1.4998044
333,0.79337615,-0.00019820113,0.7933144,-1.5000952,0.7931956,1.4998059
334,0.79691935,-0.00020116766,0.79683524,-1.5000976,0.796718,1.4998051
335,0.80046636,-0.00019512893,0.80038524,-1.5001032,0.800265,1.4998038
336,0.8039844,-0.00019365938,0.8039248,-1.5001069,0.80381185,1.4998045
337,0.80753213,-0.0001933767,0.80746573,-1.5001011,0.8073562,1.4998062
338,0.81109136,-0.0001934712,0.8109875,-1.500098,0.81087625,1.4998037
339,0.81463474,-0.00019223585,0.81453294,-1.5000925,0.8144265,1.4998034
340,0.8181569,-0.00019376827,0.8180908,-1.500093,0.81796914,1.499803
341,0.8217028,-0.0001956517,0.821637,-1.5000894,0.8215098,1.4998045
342,0.82527333,-0.00019604634,0.82515746,-1.5000888,0.82503676,1.4998046
343,0.828814,-0.00019823186,0.8287025,-1.5000889,0.82857716,1.4998027
344,0.83233756,-0.00020051372,0.83228415,-1.5000868,0.8321496,1.4998026
345,0.83588445,-0.00020571641,0.8358219,-1.5000889,0.83569163,1.499803
346,0.83945507,-0.00020682625,0.8393467,-1.5000931,0.83921295,1.4997994
347,0.8429939,-0.0002048482,0.84289205,-1.5001004,0.8427599,1.4997984
348,0.84651697,-0.00020555535,0.84645146,-1.5000997,0.8463352,1.4997979
349,0.85006464,-0.0002060128,0.8499931,-1.5001001,0.8498733,1.4997973
350,0.85364044,-0.00020582645,0.85351723,-1.500101,0.85339713,1.4997934
351,0.85718036,-0.00020571591,0.8570623,-1.5001019,0.85694104,1.4997925
352,0.860704,-0.00020751992,0.8606117,-1.5001006,0.8605283,1.4997919
353,0.86424893,-0.00021193054,0.8641543,-1.5000978,0.86406916,1.499792
354,0.8678195,-0.00021239919,0.8676761,-1.5000972,0.86759293,1.4997892
355,0.87136036,-0.00021468558,0.8712235,-1.5000978,0.8711396,1.4997857
356,0.8748842,-0.00021752347,0.8747603,-1.5000986,0.87470955,1.4997853
357,0.8784317,-0.00022289003,0.87829924,-1.5000986,0.87824947,1.4997841
358,0.8819994,-0.00022522407,0.881825,-1.5001009,0.88177395,1.4997816
359,0.88554037,-0.00022202538,0.88537085,-1.500103,0.8853164,1.4997772
360,0.8890627,-0.00021999911,0.88892865,-1.500103,0.88888395,1.4997779
361,0.89260757,-0.00021715529,0.89247286,-1.5001029,0.8924232,1.4997789
362,0.8961832,-0.00021795728,0.89599615,-1.5001047,0.89594585,1.4997762
363,0.8997244,-0.00021508372,0.8995407,-1.500107,0.89948803,1.4997706
364,0.90324706,-0.00021550716,0.90309846,-1.5001067,0.9030395,1.4997698
365,0.9067932,-0.00021145833,0.9066438,-1.5001038,0.90658224,1.4997716
366,0.9103768,-0.00021166212,0.91016465,-1.5001045,0.910104,1.4997704
367,0.91391593,-0.00021178313,0.9137145,-1.5001032,0.9136518,1.4997702
368,0.9174401,-0.00021408332,0.91725874,-1.5001014,0.91719615,1.4997705
369,0.92098206,-0.00021917705,0.92080164,-1.5001012,0.9207389,1.4997723
370,0.92455375,-0.00021881025,0.92432755,-1.5001006,0.92426234,1.4997699
371,0.9280932,-0.00022184939,0.9278704,-1.5001023,0.92780846,1.4997687
372,0.93161786,-0.00022536673,0.9314323,-1.500102,0.9313834,1.4997684
373,0.9351622,-0.0002312437,0.93497545,-1.5001022,0.934923,1.4997685
374,0.93872833,-0.00023113465,0.9384983,-1.5001044,0.9384474,1.4997656
375,0.94226795,-0.00023427387,0.9420436,-1.5001086,0.9419951,1.4997619
376,0.9457924,-0.00023807888,0.9456029,-1.5001086,0.9455409,1.4997609
377,0.9493391,-0.0002449058,0.94914514,-1.5001075,0.94908595,1.4997628
378,0.95289624,-0.00024721108,0.9526675,-1.5001088,0.95260614,1.4997599
379,0.95643944,-0.00024395922,0.95621496,-1.500111,0.9561558,1.4997596
380,0.95996034,-0.00024366207,0.9597537,-1.5001136,0.95971256,1.4997598
381,0.9635096,-0.00024312912,0.9632981,-1.5001081,0.96325815,1.4997599
382,0.96706694,-0.00024289377,0.96681786,-1.5001061,0.9667808,1.4997572
383,0.97061044,-0.00024057768,0.970365,-1.5001063,0.97032815,1.4997531
384,0.9741342,-0.00024209995,0.9739366,-1.500104,0.9738778,1.4997544
385,0.9776798,-0.00024515143,0.9774764,-1.5001045,0.9774179,1.4997559
386,0.9812192,-0.00024609297,0.9810008,-1.5001067,0.9809377,1.4997538
387,0.98475975,-0.0002466098,0.98454344,-1.5001123,0.9844805,1.4997509
388,0.9882829,-0.00024907512,0.98810506,-1.5001118,0.9880434,1.4997483
389,0.9918317,-0.0002526859,0.9916456,-1.500114,0.9915848,1.49975
390,0.9953795,-0.00025520008,0.99517024,-1.5001163,0.99510694,1.4997505
391,0.998922,-0.00025051643,0.9987171,-1.5001205,0.9986545,1.4997501
392,1.0024434,-0.0002482058,1.0022721,-1.5001204,1.0022348,1.499749
393,1.0059904,-0.0002437692,1.005817,-1.5001192,1.0057751,1.4997492
394,1.009535,-0.00024358559,1.0093397,-1.5001194,1.0092983,1.499746
395,1.013082,-0.00023942771,1.0128857,-1.5001198,1.0128438,1.4997427
396,1.0166028,-0.00023812652,1.0164213,-1.5001185,1.016417,1.4997426
397,1.0201504,-0.00023547577,1.0199565,-1.500121,1.0199573,1.4997394
398,1.0237052,-0.00023523564,1.0234804,-1.5001265,1.0234822,1.4997355
399,1.0272497,-0.00023325437,1.0270231,-1.5001327,1.0270277,1.4997293
400,1.0307713,-0.00023379763,1.0306039,-1.5001299,1.0305902,1.4997281
401,1.0343198,-0.00023327209,1.0341434,-1.5001355,1.0341309,1.4997302
402,1.0378866,-0.00023205916,1.0376664,-1.5001395,1.0376549,1.4997298
403,1.0414279,-0.00023245337,1.0412127,-1.5001446,1.0411988,1.4997301
404,1.0449507,-0.0002344803,1.0447608,-1.5001485,1.0447636,1.499731
405,1.0484971,-0.0002376225,1.0483055,-1.5001427,1.048306,1.4997331
406,1.0520556,-0.00023982818,1.0518255,-1.5001404,1.0518283,1.4997315
407,1.0556,-0.00023864994,1.0553744,-1.50014,1.0553733,1.49973
408,1.0591234,-0.00023823485,1.0589291,-1.50014,1.0589142,1.4997298
409,1.0626678,-0.00023773935,1.0624725,-1.5001369,1.0624499,1.4997258
410,1.0662355,-0.00023733445,1.0659949,-1.5001367,1.0659764,1.4997203
411,1.0697758,-0.00023763374,1.069542,-1.5001367,1.0695212,1.4997123
412,1.0732993,-0.00023898446,1.0730836,-1.5001377,1.0730588,1.499712
413,1.0768441,-0.00024290706,1.0766268,-1.5001346,1.0765985,1.4997119
414,1.080421,-0.00024154311,1.0801492,-1.500134,1.0801216,1.4997109
415,1.0839611,-0.00024380516,1.0836945,-1.5001329,1.0836694,1.499711
416,1.0874846,-0.0002472138,1.087244,-1.5001316,1.0872406,1.4997121
417,1.0910306,-0.00025286927,1.0907873,-1.5001293,1.0907829,1.4997114
418,1.0945989,-0.00025255696,1.0943094,-1.5001298,1.0943058,1.4997095
419,1.0981389,-0.00025475043,1.0978559,-1.5001322,1.0978538,1.4997059
420,1.101663,-0.00025529967,1.1013983,-1.5001336,1.1013987,1.4997056
421,1.1052084,-0.0002554861,1.1049433,-1.5001292,1.104938,1.4997058
422,1.1087785,-0.0002549022,1.1084628,-1.5001285,1.1084664,1.4997063
423,1.112318,-0.00025616097,1.1120114,-1.5001287,1.112007,1.4997053
424,1.1158425,-0.00025869333,1.1155708,-1.5001274,1.1155808,1.4997047
425,1.1193887,-0.00026456596,1.1191136,-1.5001266,1.1191211,1.4997051
426,1.1229526,-0.00026568698,1.1226363,-1.5001297,1.1226454,1.4997026
427,1.1264931,-0.00026516092,1.1261857,-1.5001312,1.1261884,1.4996982
428,1.1300163,-0.00026645997,1.1297263,-1.5001314,1.1297596,1.4996967
429,1.1335629,-0.00026926235,1.1332685,-1.5001297,1.1332965,1.499696
430,1.1371248,-0.00026861986,1.1367896,-1.5001323,1.1368189,1.4996927
431,1.1406668,-0.00026877015,1.140335,-1.500137,1.1403617,1.4996873
432,1.1441891,-0.00027065264,1.1438886,-1.5001388,1.1439346,1.4996865
433,1.1477354,-0.00027399656,1.1474351,-1.500135,1.1474785,1.4996845
434,1.15129,-0.00027668392,1.1509551,-1.5001334,1.1510016,1.4996823
435,1.1548394,-0.0002733487,1.1545035,-1.5001284,1.1545458,1.4996774
436,1.1583579,-0.00027231054,1.1580491,-1.5001248,1.158109,1.4996765
437,1.1619077,-0.00027197826,1.16159,-1.5001268,1.161648,1.499676
438,1.1654671,-0.00027259567,1.1651146,-1.5001332,1.1651719,1.4996736
439,1.1690106,-0.00027117936,1.1686621,-1.5001403,1.1687162,1.4996692
440,1.1725327,-0.00027308695,1.1721988,-1.5001432,1.1722987,1.4996704
441,1.1760783,-0.00027495087,1.1757396,-1.5001386,1.1758368,1.4996678
442,1.1796508,-0.00027412883,1.179263,-1.500137,1.1793622,1.4996643
443,1.1831912,-0.0002764236,1.1828091,-1.5001352,1.1829045,1.4996572
444,1.186715,-0.00027944543,1.186369,-1.5001358,1.1864705,1.4996592
445,1.1902615,-0.00028492624,1.189913,-1.5001336,1.1900105,1.4996529
446,1.193829,-0.00028529583,1.1934355,-1.5001342,1.1935327,1.4996477
447,1.1973704,-0.0002845358,1.1969804,-1.500135,1.1970797,1.4996421
448,1.2008951,-0.00028490543,1.2005444,-1.500135,1.2006193,1.4996376
449,1.2044399,-0.00028430682,1.2040855,-1.5001373,1.2041655,1.4996434
450,1.2080106,-0.0002845472,1.2076098,-1.5001404,1.2076875,1.4996463
451,1.211551,-0.00028339506,1.2111546,-1.5001469,1.2112287,1.4996506
452,1.2150742,-0.00028466116,1.2147169,-1.5001458,1.2147864,1.4996542
453,1.2186184,-0.00028801963,1.2182571,-1.5001503,1.2183291,1.4996481
454,1.2221928,-0.00028835377,1.2217814,-1.500155,1.2218537,1.4996425
455,1.2257328,-0.00029075908,1.2253269,-1.5001601,1.2253987,1.499635
456,1.2292564,-0.00029419683,1.228874,-1.5001616,1.2289284,1.499633
457,1.2328027,-0.00030032254,1.2324188,-1.5001568,1.232465,1.4996306
458,1.2363741,-0.00029951025,1.2359383,-1.5001549,1.2359853,1.499628
459,1.239913,-0.00030310347,1.2394868,-1.5001546,1.2395239,1.4996291
460,1.2434398,-0.00030564124,1.2430388,-1.5001556,1.243095,1.4996299
461,1.2469826,-0.00031065458,1.2465856,-1.500152,1.2466273,1.4996306
462,1.2505444,-0.00030918987,1.2501075,-1.5001513,1.2501577,1.4996297
463,1.2540853,-0.00031409704,1.2536544,-1.5001483,1.2537031,1.499629
464,1.25761,-0.0003182887,1.2572005,-1.5001471,1.2572484,1.4996295
465,1.2611564,-0.00032435718,1.2607429,-1.5001447,1.260791,1.4996316
466,1.264703,-0.0003265344,1.2642677,-1.5001465,1.2643125,1.4996285
467,1.2682467,-0.0003206604,1.2678146,-1.5001466,1.2678612,1.4996276
468,1.2717679,-0.00031803257,1.2713708,-1.5001466,1.2714102,1.4996283
469,1.2753143,-0.00031370958,1.274914,-1.5001462,1.2749536,1.4996284
470,1.2788588,-0.00031359273,1.2784389,-1.500148,1.2784774,1.499626
471,1.2824043,-0.00030957538,1.281984,-1.5001509,1.2820203,1.4996226
472,1.2859268,-0.000309344,1.2855332,-1.5001496,1.2855796,1.4996231
473,1.2894746,-0.00030874653,1.2890741,-1.5001463,1.2891247,1.4996252
474,1.2930319,-0.00030778025,1.2925992,-1.5001482,1.2926433,1.4996221
475,1.296578,-0.0003068055,1.2961475,-1.5001478,1.2961947,1.4996214
476,1.3001014,-0.00030859033,1.2996951,-1.5001477,1.2997378,1.4996223
477,1.3036491,-0.0003101072,1.3032382,-1.500147,1.3032826,1.4996235
478,1.3071887,-0.00031011546,1.3067611,-1.5001453,1.3068078,1.4996215
479,1.3107315,-0.00030896443,1.3103058,-1.5001448,1.3103496,1.4996189
480,1.3142542,-0.00031068895,1.3138535,-1.5001426,1.3138956,1.4996182
481,1.317799,-0.00031417725,1.3173968,-1.5001397,1.3174328,1.49962
482,1.321359,-0.00031480048,1.3209201,-1.5001391,1.320936,1.4996153
483,1.3249031,-0.00031550793,1.3244668,-1.5001385,1.3244891,1.4996163
484,1.3284243,-0.00031750955,1.3280059,-1.5001384,1.3280388,1.4996152
485,1.3319722,-0.00031622028,1.3315455,-1.5001382,1.3315866,1.4996145
486,1.3355362,-0.00031509192,1.3350681,-1.5001421,1.3350946,1.4996098
487,1.3390784,-0.00031514012,1.3386135,-1.5001484,1.3386508,1.4996074
488,1.3426014,-0.00031674653,1.3421652,-1.500148,1.3421731,1.499604
489,1.3461487,-0.00032008064,1.3457085,-1.500148,1.3457212,1.4996016
490,1.3497032,-0.00032363416,1.3492321,-1.5001478,1.3492395,1.4995959
491,1.3532516,-0.00031905144,1.3527784,-1.5001508,1.3527942,1.4995888
492,1.3567711,-0.00031725396,1.3563191,-1.5001498,1.3563249,1.4995807
493,1.3603182,-0.0003145242,1.35986,-1.5001495,1.3599025,1.4995831
494,1.3638754,-0.00031553293,1.3633829,-1.5001516,1.3634254,1.4995822
495,1.3674221,-0.0003116766,1.3669285,-1.5001554,1.3669579,1.4995786
496,1.3709437,-0.00031208526,1.370485,-1.500155,1.3705046,1.4995751
497,1.374488,-0.00030990213,1.3740287,-1.5001558,1.3740335,1.4995738
498,1.3780593,-0.0003101843,1.3775518,-1.500157,1.377592,1.4995761
499,1.381599,-0.00030992142,1.3810968,-1.500161,1.3811159,1.4995736
500,1.3851221,-0.00031177996,1.3846397,-1.5001597,1.3846518,1.4995725
501,1.3886671,-0.0003155918,1.3881817,-1.500159,1.3881911,1.4995728
502,1.392238,-0.00031596425,1.3917056,-1.5001601,1.3917255,1.4995735
503,1.3957788,-0.00031833607,1.3952501,-1.5001626,1.3952265,1.4995725
504,1.3993027,-0.00032189154,1.3988029,-1.5001616,1.3987373,1.4995728
505,1.4028491,-0.00032843935,1.402343,-1.5001608,1.4022694,1.4995694
506,1.406418,-0.00032818722,1.4058682,-1.5001616,1.4057848,1.4995658
507,1.4099576,-0.00033070834,1.4094135,-1.5001638,1.4093289,1.4995654
508,1.4134822,-0.00033184688,1.4129469,-1.5001637,1.4128846,1.4995675
509,1.4170276,-0.0003329999,1.4164885,-1.5001668,1.4164127,1.4995663
510,1.4205964,-0.00033171586,1.4200091,-1.500172,1.4199401,1.4995625
511,1.4241382,-0.00033263233,1.4235573,-1.5001789,1.42349,1.4995592
512,1.4276624,-0.000335067,1.4270873,-1.5001827,1.427027,1.4995573
513,1.4312067,-0.00033937485,1.4306493,-1.5001777,1.4305693,1.499559
514,1.4347733,-0.00033925613,1.4341718,-1.5001782,1.4340901,1.4995562
515,1.4383144,-0.0003408469,1.4377011,-1.5001783,1.4376335,1.4995515
516,1.4418379,-0.00034335896,1.4412502,-1.5001787,1.441193,1.4995505
517,1.4453822,-0.0003493699,1.444781,-1.500177,1.4447304,1.4995509
518,1.4489516,-0.00034656754,1.4483451,-1.5001745,1.4482561,1.499548
519,1.4524924,-0.0003533228,1.4518734,-1.5001757,1.4518003,1.4995431
520,1.4560133,-0.0003572665,1.4554023,-1.5001761,1.4553484,1.4995422
521,1.4595597,-0.00036147743,1.4589479,-1.5001757,1.458892,1.4995438
522,1.4631095,-0.00036434503,1.4624852,-1.5001755,1.4624112,1.4995406
523,1.4666525,-0.00035988603,1.466024,-1.500174,1.4659611,1.4995387
524,1.470172,-0.00035883696,1.4695461,-1.5001774,1.4695177,1.4995373
525,1.4737225,-0.0003589465,1.4730883,-1.5001818,1.4730612,1.4995382
526,1.4772664,-0.00035891507,1.4766744,-1.5001812,1.4765818,1.4995354
527,1.4808072,-0.00035735988,1.4802126,-1.5001844,1.4801271,1.4995309
528,1.4843346,-0.0003570759,1.4837384,-1.500188,1.4836799,1.499529
529,1.4878769,-0.00035795098,1.4872829,-1.5001951,1.4872255,1.4995308
530,1.4914232,-0.00035642082,1.4908401,-1.5001948,1.4907415,1.4995283
531,1.4949652,-0.00035738485,1.4943836,-1.5001947,1.4942921,1.4995269
532,1.4984912,-0.00035744905,1.4979101,-1.5001957,1.4978347,1.4995253
533,1.5020336,-0.00035903716,1.5014557,-1.5001981,1.5013788,1.4995276
534,1.5056043,-0.0003573082,1.5049964,-1.5001954,1.5049007,1.4995259
535,1.5091444,-0.00035811192,1.5085355,-1.5001982,1.5084432,1.4995261
536,1.5126675,-0.0003613598,1.5120579,-1.5002037,1.5120058,1.4995259
537,1.5162147,-0.00036684802,1.5156051,-1.5002102,1.5155505,1.499525
538,1.5197793,-0.000366883,1.5191461,-1.5002127,1.5190738,1.4995211
539,1.5233185,-0.0003693328,1.522691,-1.500206,1.5226192,1.499515
540,1.5268445,-0.0003727586,1.5262129,-1.5002029,1.526181,1.4995141
541,1.5303891,-0.0003788488,1.5297581,-1.5001975,1.529719,1.4995131
542,1.533946,-0.00037800867,1.5333081,-1.500198,1.5332415,1.4995089
543,1.5374907,-0.0003783952,1.5368546,-1.500195,1.5367907,1.499503
544,1.541012,-0.00037830716,1.5403754,-1.5001957,1.5403395,1.499502
545,1.5445635,-0.00037878496,1.5439249,-1.5001966,1.5438799,1.4995035
546,1.548097,-0.00037768806,1.5474797,-1.5001947,1.5474039,1.4995025
547,1.5516342,-0.00037754903,1.551025,-1.5001924,1.5509251,1.4995002
548,1.5551544,-0.00038022135,1.5545465,-1.5001942,1.5544733,1.4994936
549,1.5587021,-0.00038393826,1.5580978,-1.5001935,1.5580032,1.4994897
550,1.5622338,-0.0003887614,1.5616419,-1.5001937,1.5615283,1.4994832
551,1.5657784,-0.00038507357,1.5651838,-1.50019,1.5650705,1.4994826
552,1.569301,-0.00038553803,1.5687087,-1.5001909,1.5686289,1.4994801
553,1.5728476,-0.00038548984,1.5722564,-1.500188,1.5721656,1.4994805
554,1.5763814,-0.0003850453,1.5757996,-1.5001864,1.5756872,1.4994777
555,1.5799186,-0.0003884449,1.5793434,-1.5001887,1.5792341,1.4994766
556,1.5834385,-0.00039536064,1.582869,-1.5001904,1.582791,1.4994762
557,1.5869853,-0.00040036815,1.5864116,-1.5001965,1.5863357,1.499477
558,1.5905555,-0.0004053811,1.5899739,-1.5001941,1.5898576,1.4994746
559,1.5940976,-0.00040025663,1.5935178,-1.5001996,1.593402,1.4994712
560,1.5976164,-0.0003979175,1.5970404,-1.5002035,1.596961,1.4994701
561,1.6011622,-0.0003971875,1.600585,-1.5002097,1.6005021,1.4994702
562,1.6047387,-0.0003973358,1.6041309,-1.5002104,1.6040243,1.4994683
563,1.6082779,-0.0003974017,1.6076756,-1.5002065,1.6075674,1.4994631
564,1.611802,-0.00039939242,1.6111958,-1.5002056,1.6111178,1.4994624
565,1.6153461,-0.00040301512,1.6147444,-1.5002047,1.614659,1.4994628
566,1.6189184,-0.00040347603,1.6182933,-1.5002055,1.6181815,1.4994605
567,1.6224589,-0.00040441137,1.621835,-1.500203,1.6217272,1.4994587
568,1.6259831,-0.00040692443,1.6253573,-1.5002049,1.6252775,1.4994583
569,1.6295261,-0.0004121801,1.6289034,-1.5002072,1.6288089,1.4994602
570,1.6330898,-0.00041279514,1.6324489,-1.5002052,1.6323172,1.499461
571,1.6366321,-0.00041434178,1.6359903,-1.5002033,1.6358646,1.499458
572,1.6401557,-0.0004168845,1.6395155,-1.5002054,1.6394264,1.4994568
573,1.6437017,-0.00042186934,1.6430616,-1.5002067,1.6429664,1.4994576
574,1.6472676,-0.0004233977,1.6466218,-1.5002062,1.6464899,1.4994558
575,1.6508071,-0.0004219592,1.6501654,-1.5002064,1.6500345,1.4994555
576,1.6543294,-0.0004212917,1.6536888,-1.5002086,1.6536173,1.4994549
577,1.6578786,-0.00042186078,1.6572351,-1.5002133,1.657154,1.4994545
578,1.6614413,-0.00042221765,1.6607748,-1.5002177,1.6606747,1.499451
579,1.6649818,-0.00042175886,1.6643175,-1.5002109,1.6642225,1.499451
580,1.6685042,-0.0004235955,1.667836,-1.5002081,1.6678101,1.4994506
581,1.6720496,-0.00042716687,1.6713841,-1.5002077,1.6713487,1.4994496
582,1.6756097,-0.00042820707,1.6749525,-1.5002053,1.6748711,1.4994458
583,1.6791521,-0.00042965804,1.6784933,-1.500207,1.6784137,1.4994444
584,1.6826762,-0.00043130823,1.6820174,-1.5002095,1.6819986,1.499444
585,1.6862217,-0.00043597555,1.6855627,-1.5002161,1.6855378,1.499445
586,1.6897854,-0.00043408325,1.6891278,-1.5002153,1.6890593,1.4994432
587,1.6933239,-0.00043915492,1.6926677,-1.5002183,1.6926051,1.4994411
588,1.6968493,-0.0004435053,1.6961936,-1.5002201,1.6961842,1.4994417
589,1.7003946,-0.00044998463,1.6997364,-1.5002242,1.6997243,1.4994414
590,1.7039396,-0.00045157893,1.7032967,-1.5002218,1.7032431,1.4994383
591,1.7074838,-0.00044771115,1.706836,-1.5002253,1.706791,1.4994365
592,1.7110056,-0.0004469604,1.7103589,-1.5002297,1.7103668,1.4994371
593,1.7145534,-0.00044506506,1.7139077,-1.5002353,1.7139056,1.4994363
594,1.718104,-0.000445775,1.7174445,-1.5002385,1.717429,1.4994323
595,1.7216486,-0.00044480636,1.7209903,-1.5002327,1.7209729,1.499431
596,1.7251709,-0.00044565296,1.7245092,-1.5002308,1.7245579,1.4994311
597,1.7287174,-0.0004465766,1.7280577,-1.5002294,1.7280972,1.4994308
598,1.7322693,-0.00044568433,1.7316087,-1.50023,1.7316184,1.4994279
599,1.7358129,-0.0004443925,1.7351525,-1.5002278,1.7351607,1.4994247
600,1.7393357,-0.0004446957,1.7386729,-1.5002288,1.7387309,1.4994246
601,1.7428814,-0.000445671,1.7422212,-1.5002298,1.7422707,1.4994217
602,1.7464242,-0.00044421773,1.7457685,-1.5002298,1.7457951,1.4994159
603,1.7499665,-0.00044532752,1.7493138,-1.500226,1.7493389,1.4994097
604,1.7534883,-0.0004490341,1.7528352,-1.5002271,1.7529093,1.4994116
605,1.7570368,-0.00045578484,1.7563833,-1.5002259,1.7564477,1.4994048
606,1.7605815,-0.00045853446,1.7599425,-1.5002245,1.7599715,1.4993994
607,1.7641263,-0.0004539721,1.7634863,-1.500223,1.7635185,1.499396
608,1.767647,-0.00045281064,1.7670105,-1.5002236,1.7670764,1.4993908
609,1.771195,-0.00044924222,1.7705545,-1.5002278,1.7706168,1.4993953
610,1.7747456,-0.000448862,1.7740945,-1.500228,1.7741386,1.499398
611,1.7782921,-0.00044773836,1.7776371,-1.5002283,1.7776856,1.4993998
612,1.7818137,-0.00044917734,1.7811592,-1.5002315,1.7812431,1.4993984
613,1.7853596,-0.00044962738,1.7847036,-1.5002373,1.7847861,1.4994013
614,1.7889111,-0.00044906564,1.7882637,-1.5002344,1.7883062,1.4994006
615,1.7924548,-0.0004473272,1.7918065,-1.5002398,1.7918545,1.4994004
616,1.7959772,-0.00044786787,1.7953281,-1.5002434,1.795405,1.4993999
617,1.7995228,-0.00044809026,1.7988741,-1.5002491,1.7989486,1.4994009
618,1.8030697,-0.00044678897,1.8024113,-1.5002497,1.8024694,1.4993986
619,1.806611,-0.00044713088,1.8059479,-1.500248,1.8060172,1.4993979
620,1.810138,-0.00044718356,1.8094735,-1.5002475,1.8095748,1.4993987
621,1.8136815,-0.00044914352,1.8130215,-1.5002481,1.81312,1.4993982
622,1.8172307,-0.00044842798,1.816592,-1.5002466,1.8166404,1.4993955
623,1.820774,-0.00044740931,1.8201334,-1.5002478,1.820191,1.4993943
624,1.8242986,-0.00045090925,1.8236583,-1.5002505,1.8237425,1.4993937
625,1.8278474,-0.000455048,1.8272007,-1.5002565,1.8272877,1.4993953
626,1.8314013,-0.0004590976,1.8307709,-1.5002526,1.830809,1.4993933
627,1.8349458,-0.00045333972,1.8343104,-1.5002587,1.8343568,1.4993925
628,1.8384638,-0.00045130192,1.8378322,-1.500263,1.8379115,1.4993918
629,1.8420143,-0.000450564,1.8413781,-1.5002687,1.8414574,1.4993931
630,1.8455601,-0.00045074665,1.8449225,-1.5002712,1.8449777,1.4993908
631,1.8491013,-0.0004501423,1.8484674,-1.5002663,1.8485268,1.4993905
632,1.8526248,-0.0004536602,1.8519866,-1.5002651,1.8520755,1.4993913
633,1.8561734,-0.00045823725,1.855536,-1.5002655,1.855619,1.499391
634,1.859718,-0.00046222593,1.8590932,-1.5002644,1.8591386,1.4993882
635,1.8632623,-0.00045595405,1.8626393,-1.5002643,1.8626897,1.4993869
636,1.8667794,-0.0004539966,1.8661637,-1.5002663,1.8662418,1.4993862
637,1.8703285,-0.00045370712,1.8697108,-1.5002681,1.8697883,1.4993868
638,1.8738813,-0.00045488877,1.8732572,-1.5002685,1.8733085,1.499385
639,1.8774234,-0.00045151624,1.8767995,-1.5002651,1.8768581,1.499384
640,1.8809451,-0.00045128525,1.8803228,-1.5002646,1.880423,1.4993831
641,1.8844923,-0.00044982473,1.8838681,-1.5002654,1.883963,1.4993826
642,1.8880459,-0.00045018407,1.8874083,-1.5002656,1.8874873,1.4993799
643,1.8915906,-0.00044922862,1.8909491,-1.5002649,1.891032,1.4993776
644,1.8951129,-0.0004504277,1.8944726,-1.5002673,1.8946148,1.4993789
645,1.8986607,-0.0004528611,1.8980155,-1.5002726,1.8981533,1.4993756
646,1.9022079,-0.00045213653,1.9015816,-1.5002717,1.9016747,1.4993708
647,1.9057518,-0.00045174052,1.9051218,-1.5002748,1.9052217,1.4993654
648,1.909274,-0.00045267455,1.9086465,-1.5002787,1.9087884,1.4993627
649,1.9128228,-0.00045414324,1.9121906,-1.5002854,1.9123294,1.4993653
650,1.9163741,-0.0004540574,1.9157528,-1.5002847,1.9158504,1.4993653
651,1.9199171,-0.00045262626,1.9192941,-1.5002863,1.9193969,1.499365
652,1.9234403,-0.00045461167,1.9228188,-1.500287,1.922969,1.4993656
653,1.9269867,-0.0004571614,1.9263647,-1.5002903,1.9265103,1.499364
654,1.9305289,-0.00045578368,1.9299238,-1.5002904,1.9300318,1.4993606
655,1.9340678,-0.00045764225,1.9334645,-1.5002887,1.9335774,1.4993548
656,1.9375907,-0.000462724,1.9369874,-1.5002894,1.9371479,1.4993571
657,1.9411386,-0.00046905328,1.9405329,-1.5002916,1.9406868,1.4993501
658,1.9446847,-0.0004721226,1.9440783,-1.5002916,1.9442067,1.4993443
659,1.9482287,-0.0004673347,1.9476202,-1.5002903,1.9477541,1.4993403
660,1.9517486,-0.00046573457,1.9511458,-1.5002931,1.9513034,1.4993349
661,1.9552977,-0.00046531853,1.9546932,-1.5002962,1.9548458,1.4993393
662,1.9588534,-0.0004672301,1.9582481,-1.5002961,1.9583675,1.4993422
663,1.9623939,-0.0004656612,1.9617926,-1.5002948,1.9619145,1.4993451
664,1.965916,-0.00046542723,1.9653159,-1.5002948,1.9654683,1.4993445
665,1.9694614,-0.00046618926,1.9688625,-1.5002955,1.9690145,1.4993472
666,1.9730127,-0.00046502097,1.9723926,-1.5002949,1.9725337,1.499346
667,1.9765538,-0.0004631938,1.9759191,-1.5002962,1.9760841,1.4993461
668,1.9800785,-0.00046662957,1.9794362,-1.5003002,1.9796325,1.4993474
669,1.9836262,-0.00046980023,1.9829971,-1.5002991,1.9831768,1.4993473
670,1.98717,-0.00046904804,1.9865271,-1.5002996,1.9866973,1.4993443
671,1.9907138,-0.00047099995,1.9900566,-1.5002993,1.9902471,1.4993434
672,1.9942387,-0.00047138723,1.9936002,-1.5003009,1.993804,1.4993426
673,1.997781,-0.0004743604,1.9971464,-1.5002978,1.9973482,1.4993446
674,2.0013452,-0.0004739919,2.000686,-1.5002972,2.0008686,1.4993427
675,2.0048862,-0.0004752237,2.004214,-1.5002991,2.0044174,1.4993417
676,2.0084105,-0.00047717328,2.0077622,-1.5003004,2.0079758,1.4993421
677,2.0119548,-0.0004825307,2.0113058,-1.5003,2.0115218,1.4993429
678,2.0155222,-0.00048176927,2.0148478,-1.5002967,2.0150425,1.4993415
679,2.0190613,-0.0004853939,2.0183709,-1.500297,2.0185907,1.4993402
680,2.0225866,-0.00048748174,2.0219178,-1.500298,2.0221353,1.4993397
681,2.0261314,-0.0004912229,2.0254564,-1.5002985,2.0256767,1.4993421
682,2.0296922,-0.00049240113,2.0289984,-1.5002965,2.0292,1.499341
683,2.033234,-0.0004893435,2.0325212,-1.5002972,2.032748,1.4993386
684,2.0367556,-0.00048847316,2.0360684,-1.500297,2.0362961,1.4993385
685,2.0403056,-0.00048875506,2.0396342,-1.5002959,2.0398395,1.4993387
686,2.0438592,-0.0004897604,2.0431755,-1.5002967,2.0433621,1.4993358
687,2.0473995,-0.00048841233,2.0467002,-1.5002985,2.0469098,1.4993312
688,2.0509224,-0.0004894793,2.050247,-1.5003041,2.0504556,1.4993302
689,2.054471,-0.00049127446,2.0538085,-1.5003062,2.0539963,1.4993318
690,2.0580008,-0.00049403287,2.05735,-1.500301,2.0575206,1.4993308
691,2.0615516,-0.00049303006,2.0608697,-1.5002984,2.0610664,1.4993309
692,2.0650566,-0.00049154455,2.0644183,-1.5002975,2.0646174,1.4993316
693,2.0686078,-0.0004896399,2.067983,-1.5002962,2.0681572,1.4993327
694,2.0721464,-0.00048785447,2.0715232,-1.5002986,2.0716832,1.4993294
695,2.0757554,-0.00048468972,2.0750492,-1.5003024,2.0752258,1.4993253
696,2.079297,-0.00048667053,2.078592,-1.5003086,2.0787754,1.4993255
697,2.0828214,-0.0004906079,2.0821557,-1.500305,2.0823188,1.4993277
698,2.0863676,-0.00049575395,2.0856955,-1.500311,2.0858424,1.4993262
699,2.0899334,-0.0004946467,2.0892184,-1.5003157,2.0893896,1.4993259
700,2.0934734,-0.00049676973,2.092765,-1.5003215,2.0929391,1.4993263
701,2.0969985,-0.0004974716,2.0963004,-1.5003246,2.096483,1.4993266
702,2.1005435,-0.00049874734,2.09984,-1.5003209,2.100004,1.4993237
703,2.1041038,-0.0004979488,2.1033626,-1.5003208,2.1035535,1.4993241
704,2.107645,-0.00049783976,2.106908,-1.500321,2.107105,1.499324
705,2.1111684,-0.0005005199,2.1104772,-1.500319,2.1106517,1.4993247
706,2.114716,-0.0005050315,2.114017,-1.5003195,2.1141706,1.4993225
707,2.118271,-0.0005075105,2.1175401,-1.500321,2.1177218,1.499321
708,2.1218185,-0.0005022137,2.1210868,-1.5003263,2.1212761,1.4993211
709,2.125339,-0.0005002731,2.124644,-1.5003285,2.1248198,1.499322
710,2.1288881,-0.00049669034,2.1281915,-1.5003242,2.1283422,1.4993187
711,2.1324298,-0.0004953693,2.1317115,-1.5003214,2.131892,1.4993196
712,2.1359744,-0.0004940877,2.1352584,-1.5003159,2.1354427,1.4993199
713,2.1394958,-0.00049518055,2.138803,-1.5003148,2.1389883,1.4993213
714,2.1430435,-0.0004984517,2.14235,-1.5003127,2.1425111,1.4993191
715,2.1465907,-0.00050174084,2.1458716,-1.5003126,2.1460583,1.4993142
716,2.1501365,-0.0004956154,2.149419,-1.5003139,2.1496081,1.4993147
717,2.153655,-0.00049328856,2.1529753,-1.5003133,2.1531522,1.4993161
718,2.1572042,-0.0004911324,2.15652,-1.5003119,2.1566749,1.499314
719,2.1607578,-0.0004903439,2.1600423,-1.500313,2.1602223,1.4993098
720,2.1643016,-0.0004889795,2.1635888,-1.5003134,2.1637719,1.4993099
721,2.1678224,-0.0004917338,2.1671262,-1.5003144,2.1673164,1.4993112
722,2.1713684,-0.0004957368,2.1706657,-1.5003132,2.1708374,1.4993086
723,2.1749094,-0.00049831875,2.1741917,-1.5003145,2.1743875,1.4993079
724,2.1784542,-0.00049407774,2.1777358,-1.5003167,2.177944,1.4993088
725,2.1819754,-0.0004940317,2.1813002,-1.5003148,2.1814892,1.4993088
726,2.1855235,-0.000494501,2.184842,-1.5003151,2.1850111,1.4993072
727,2.1890934,-0.0004944717,2.188366,-1.5003172,2.1885574,1.4993013
728,2.1926336,-0.00049399707,2.1919098,-1.5003223,2.1921036,1.4993006
729,2.196157,-0.00049538305,2.1954613,-1.5003221,2.1956449,1.4993014
730,2.1997015,-0.0004983826,2.1990056,-1.5003209,2.1991687,1.4992995
731,2.203274,-0.00049782277,2.2025282,-1.5003211,2.2027168,1.4992964
732,2.2068129,-0.00049905985,2.2060745,-1.5003241,2.2062597,1.4992971
733,2.2103367,-0.00050170993,2.2096202,-1.5003241,2.209801,1.4992967
734,2.2138839,-0.00050732057,2.2131655,-1.5003227,2.213329,1.4992967
735,2.2174432,-0.0005081818,2.216688,-1.5003234,2.216868,1.4992954
736,2.220985,-0.00050663616,2.2202337,-1.5003263,2.220433,1.4992963
737,2.2245088,-0.00050607655,2.223787,-1.5003248,2.2239735,1.4992968
738,2.2280545,-0.00050544954,2.2273307,-1.5003252,2.2274973,1.4992942
739,2.2316158,-0.0005039556,2.230854,-1.5003254,2.2310429,1.4992911
740,2.235155,-0.00050321675,2.2344003,-1.5003283,2.234587,1.4992888
741,2.2386796,-0.0005045043,2.2379425,-1.5003281,2.2381332,1.4992921
742,2.2422242,-0.0005071654,2.2414854,-1.5003268,2.241655,1.4992939
743,2.245773,-0.0005061638,2.245008,-1.5003268,2.245203,1.4992968
744,2.2493143,-0.0005045259,2.2485547,-1.5003283,2.2487535,1.4992952
745,2.2528396,-0.0005068333,2.2521038,-1.500328,2.252295,1.4993001
746,2.2563865,-0.0005095815,2.2556467,-1.5003269,2.2558148,1.4993012
747,2.2599375,-0.00050913764,2.2591684,-1.500329,2.2593646,1.4993013
748,2.2634835,-0.00050845713,2.2627194,-1.5003276,2.2629178,1.4993
749,2.267005,-0.00050919136,2.2662659,-1.5003263,2.2664614,1.4993031
750,2.2705536,-0.0005113995,2.26981,-1.5003246,2.269981,1.499303
751,2.2741027,-0.0005106502,2.2733328,-1.5003273,2.2735274,1.4993032
752,2.2776427,-0.00050811545,2.2768803,-1.5003302,2.2770758,1.4993037
753,2.2811658,-0.00050780183,2.2804334,-1.5003293,2.2806184,1.4993064
754,2.2847128,-0.0005079803,2.2839737,-1.5003287,2.2841444,1.4993048
755,2.2882457,-0.0005076575,2.2874982,-1.5003302,2.2876892,1.499304
756,2.2917922,-0.0005115725,2.291049,-1.5003313,2.291238,1.4993029
757,2.2953086,-0.00051638274,2.2945771,-1.500331,2.2947822,1.4993044
758,2.298862,-0.00052003894,2.2981231,-1.5003309,2.2983046,1.4993039
759,2.302394,-0.00052631483,2.3016381,-1.5003337,2.3018496,1.4993026
760,2.3059797,-0.0005279001,2.305191,-1.500338,2.3054116,1.4993023
761,2.3095062,-0.000528622,2.3087263,-1.5003437,2.308954,1.4993035
762,2.3130388,-0.0005293311,2.3123243,-1.5003439,2.3124769,1.4993016
763,2.3165812,-0.0005315829,2.3158529,-1.5003432,2.3160229,1.4993002
764,2.3201244,-0.00052874704,2.319383,-1.5003424,2.3195786,1.4993008
765,2.323664,-0.000531604,2.3229268,-1.5003436,2.3231242,1.4993023
766,2.327186,-0.0005355372,2.3264575,-1.500343,2.326646,1.4993011
767,2.3307338,-0.0005411728,2.3299813,-1.5003436,2.3301926,1.4992993
768,2.3342657,-0.00054580386,2.3335004,-1.5003468,2.3337412,1.4993005
769,2.3378043,-0.00054119545,2.3370636,-1.5003464,2.3372831,1.4992996
770,2.3413272,-0.00054121995,2.340594,-1.5003464,2.340808,1.4993002
771,2.3448713,-0.00054177013,2.3441234,-1.500346,2.3443506,1.4993004
772,2.3484607,-0.0005414365,2.3476682,-1.5003473,2.3479183,1.4993011
773,2.351999,-0.0005431254,2.3512077,-1.5003467,2.3514576,1.4992987
774,2.355524,-0.0005446138,2.3547494,-1.5003437,2.3549826,1.4992954
775,2.3590686,-0.000548864,2.358274,-1.500346,2.3585284,1.4992895
776,2.3626342,-0.0005490489,2.3618217,-1.5003467,2.3620956,1.4992876
777,2.366172,-0.00055102096,2.365372,-1.5003502,2.365636,1.4992915
778,2.3696988,-0.00055378146,2.3689191,-1.5003451,2.3691561,1.4992927
779,2.3732424,-0.00055965304,2.372438,-1.5003428,2.3727028,1.4992924
780,2.376803,-0.00055777474,2.3759866,-1.500342,2.376281,1.4992925
781,2.3803444,-0.00056161394,2.3795428,-1.5003412,2.3798213,1.499293
782,2.3838708,-0.0005642411,2.3830895,-1.5003378,2.3833435,1.49929
783,2.387415,-0.00057048857,2.3866122,-1.500337,2.3868878,1.4992863
784,2.3909457,-0.00057129696,2.3901584,-1.5003349,2.3904574,1.4992841
785,2.3944945,-0.00057397573,2.3936963,-1.5003334,2.394,1.4992859
786,2.397995,-0.0005753974,2.3972344,-1.5003345,2.3975203,1.4992849
787,2.4015484,-0.00057489466,2.4007602,-1.5003375,2.401067,1.4992851
788,2.4050894,-0.00057324744,2.4043062,-1.5003443,2.4046419,1.4992846
789,2.4086912,-0.0005722352,2.4078472,-1.5003453,2.4081829,1.4992856
790,2.4122362,-0.00057064084,2.4113915,-1.5003413,2.411704,1.4992841
791,2.415758,-0.00057035114,2.4149115,-1.500341,2.4152484,1.499281
792,2.419302,-0.000571025,2.4184601,-1.5003413,2.41882,1.4992805
793,2.4228816,-0.0005686579,2.422016,-1.500339,2.4223602,1.499278
794,2.4264207,-0.00057140517,2.425558,-1.5003387,2.4258842,1.499275
795,2.4299455,-0.00057478284,2.4290812,-1.5003414,2.4294317,1.4992698
796,2.4334912,-0.0005814682,2.4326315,-1.5003422,2.4329944,1.4992657
797,2.4370565,-0.00058078946,2.4361696,-1.5003434,2.4365358,1.4992714
798,2.4405959,-0.0005829179,2.439712,-1.5003403,2.4400535,1.499276
799,2.4441216,-0.0005833743,2.443233,-1.5003405,2.4435992,1.4992797
800,2.4476671,-0.00058580586,2.4467797,-1.5003425,2.4471617,1.4992799
801,2.4512303,-0.0005836965,2.4503245,-1.5003427,2.450705,1.4992816
802,2.4547687,-0.00058309676,2.45387,-1.5003413,2.4542263,1.49928
803,2.4582934,-0.000585606,2.4573915,-1.5003413,2.4577732,1.4992797
804,2.461839,-0.00059167744,2.46094,-1.5003425,2.4613426,1.4992793
805,2.4653819,-0.0005926215,2.4644923,-1.5003418,2.4648848,1.4992796
806,2.4689257,-0.00058953825,2.4680333,-1.5003407,2.4684062,1.4992784
807,2.4724474,-0.0005883262,2.471557,-1.5003427,2.4719508,1.4992748
808,2.4759932,-0.00058539107,2.475107,-1.5003434,2.475529,1.499275
809,2.4795527,-0.0005854949,2.4786437,-1.5003432,2.4790668,1.4992733
810,2.4830947,-0.00058449036,2.482181,-1.5003427,2.4825912,1.4992694
811,2.486618,-0.0005857397,2.4857054,-1.5003467,2.4861352,1.499262
812,2.4901638,-0.0005874097,2.489248,-1.5003532,2.4896963,1.499263
813,2.4937255,-0.0005860937,2.4928267,-1.5003495,2.4932363,1.4992595
814,2.4972675,-0.00058726233,2.4963667,-1.5003558,2.4967592,1.4992536
815,2.5007927,-0.0005891141,2.4998865,-1.5003605,2.5003061,1.4992472
816,2.5043378,-0.000593305,2.5034344,-1.5003655,2.5038407,1.4992446
817,2.507893,-0.0005914831,2.5069811,-1.5003687,2.50738,1.4992428
818,2.5114365,-0.0005937673,2.5105255,-1.500363,2.5109062,1.4992408
819,2.5149608,-0.0005946093,2.514047,-1.5003599,2.514452,1.4992396
820,2.5185075,-0.0005973112,2.5175939,-1.5003545,2.5180194,1.4992379
821,2.5220397,-0.00059802295,2.5211403,-1.500353,2.5215604,1.4992387
822,2.5255752,-0.0006006467,2.5246868,-1.5003499,2.5250833,1.499236
823,2.5290973,-0.0006065807,2.5282097,-1.5003481,2.5286276,1.4992317
824,2.5326407,-0.000611695,2.5317547,-1.5003463,2.532208,1.4992311
825,2.5362272,-0.0006098901,2.5353134,-1.5003445,2.535748,1.4992291
826,2.5397637,-0.00061399216,2.5388598,-1.5003412,2.5392697,1.4992256
827,2.5432897,-0.0006180668,2.542382,-1.5003406,2.5428157,1.4992248
828,2.5468347,-0.0006248779,2.5459266,-1.5003407,2.546391,1.4992244
829,2.55039,-0.0006258569,2.5494688,-1.5003396,2.54993,1.4992242
830,2.5539362,-0.0006213627,2.5530074,-1.50034,2.553452,1.4992212
831,2.5574565,-0.00061995187,2.5565307,-1.5003427,2.5569973,1.4992207
832,2.5610058,-0.0006169452,2.5600786,-1.5003476,2.560579,1.4992223
833,2.5645425,-0.00061454915,2.5636337,-1.5003489,2.5641189,1.4992214
834,2.5680835,-0.0006173158,2.5671785,-1.5003439,2.5676417,1.4992179
835,2.5716035,-0.0006223731,2.5706987,-1.500339,2.5711873,1.4992112
836,2.5751514,-0.00062631344,2.5742455,-1.500333,2.5747507,1.4992088
837,2.5787165,-0.000628714,2.577779,-1.5003297,2.578291,1.4992108
838,2.5822558,-0.00062346103,2.5813162,-1.5003335,2.5818143,1.4992095
839,2.5857754,-0.000620538,2.5848372,-1.5003395,2.5853631,1.4992094
840,2.589321,-0.00061678624,2.5883791,-1.5003431,2.588931,1.4992104
841,2.592885,-0.00061650993,2.5919662,-1.5003413,2.5924735,1.4992077
842,2.5964258,-0.000615827,2.595503,-1.5003448,2.5959952,1.4992046
843,2.599949,-0.0006165425,2.599029,-1.5003488,2.599541,1.4991984
844,2.6034935,-0.0006194307,2.602573,-1.5003554,2.6031027,1.4991965
845,2.6070652,-0.00061934907,2.6061227,-1.5003548,2.6066413,1.4991993
846,2.6106048,-0.00062217587,2.6096656,-1.5003537,2.6101649,1.4992013
847,2.6141298,-0.00062492304,2.6131904,-1.5003514,2.6137109,1.4992027
848,2.6176746,-0.0006316192,2.6167355,-1.500351,2.6172752,1.4992017
849,2.6212416,-0.0006322404,2.62027,-1.5003496,2.6208153,1.4992031
850,2.6247814,-0.00063235866,2.6238089,-1.50035,2.6243384,1.499201
851,2.6283064,-0.00063345605,2.6273305,-1.5003555,2.6278818,1.4991986
852,2.6318517,-0.000634533,2.6308753,-1.5003601,2.6314614,1.4991981
853,2.6354146,-0.0006337974,2.6344619,-1.5003568,2.634999,1.4991958
854,2.6389563,-0.00063385046,2.6379998,-1.500363,2.6385226,1.4991919
855,2.6424787,-0.00063624966,2.6415222,-1.5003684,2.6420689,1.4991843
856,2.6460238,-0.0006400109,2.6450691,-1.5003732,2.6456223,1.4991828
857,2.6495895,-0.00064050633,2.648606,-1.5003759,2.6491668,1.4991866
858,2.6531315,-0.00064212334,2.6521502,-1.5003701,2.6526914,1.4991871
859,2.6566536,-0.00064484135,2.6556714,-1.5003687,2.6562386,1.4991894
860,2.6601996,-0.0006463784,2.65922,-1.5003674,2.6597798,1.4991893
861,2.6637757,-0.0006446362,2.6627839,-1.5003666,2.6633234,1.499192
862,2.6673155,-0.0006473425,2.666324,-1.5003651,2.6668468,1.4991914
863,2.6708405,-0.000650127,2.6698475,-1.5003673,2.670392,1.4991926
864,2.6743834,-0.00065725506,2.6733918,-1.500371,2.6739597,1.4991928
865,2.6779518,-0.0006531892,2.6769483,-1.5003724,2.6775007,1.499192
866,2.6814928,-0.00066003896,2.6804967,-1.5003697,2.6810224,1.4991887
867,2.6850145,-0.00066409743,2.6840174,-1.5003686,2.6845691,1.4991816
868,2.6885607,-0.00067058776,2.687565,-1.5003669,2.6881354,1.4991828
869,2.6921039,-0.00067267,2.6911225,-1.5003663,2.6916735,1.4991785
870,2.695649,-0.0006674601,2.6946695,-1.5003632,2.695199,1.4991739
871,2.6991694,-0.0006649001,2.698191,-1.5003638,2.6987438,1.4991723
872,2.7027166,-0.0006611833,2.7017395,-1.5003644,2.702309,1.4991722
873,2.7062666,-0.0006606612,2.7052717,-1.5003657,2.7058516,1.499171
874,2.7098124,-0.0006594672,2.708808,-1.5003663,2.7093735,1.4991682
875,2.7133334,-0.00066147477,2.7123334,-1.5003659,2.712922,1.4991626
876,2.716883,-0.0006605954,2.7158754,-1.5003654,2.7164888,1.4991603
877,2.7204397,-0.0006594138,2.7194664,-1.5003625,2.7200272,1.4991626
878,2.7239838,-0.0006584279,2.7230048,-1.500365,2.7235515,1.4991639
879,2.727506,-0.00066129555,2.7265306,-1.500369,2.7270963,1.499168
880,2.7310557,-0.000661926,2.7300754,-1.5003753,2.7306633,1.4991666
881,2.734604,-0.00066141883,2.7336335,-1.5003731,2.7342036,1.4991705
882,2.7381473,-0.0006598572,2.7371745,-1.5003736,2.7377257,1.4991734
883,2.7416706,-0.0006596482,2.7406971,-1.5003734,2.741271,1.4991751
884,2.7452166,-0.00065981306,2.7442472,-1.5003725,2.7448575,1.4991761
885,2.7487657,-0.0006585625,2.7477827,-1.5003697,2.7484,1.4991763
886,2.7523103,-0.0006561192,2.7513192,-1.5003706,2.7519226,1.4991751
887,2.7558322,-0.00065609894,2.7548425,-1.5003756,2.7554655,1.4991722
888,2.7593794,-0.00065638963,2.7583904,-1.5003823,2.7590442,1.4991738
889,2.7629268,-0.00065618445,2.761932,-1.5003843,2.762583,1.4991715
890,2.766471,-0.0006538819,2.765475,-1.5003777,2.7661061,1.4991686
891,2.7699928,-0.00065435475,2.768997,-1.500373,2.7696521,1.4991635
892,2.7735386,-0.0006534494,2.7725441,-1.5003661,2.7732131,1.4991641
893,2.7770877,-0.00065277517,2.7760863,-1.5003613,2.7767558,1.499165
894,2.780631,-0.0006514567,2.7796326,-1.5003662,2.7802763,1.4991649
895,2.7841537,-0.00065211067,2.7831504,-1.500371,2.7838228,1.4991639
896,2.7876995,-0.0006529348,2.7867007,-1.5003748,2.787396,1.4991655
897,2.7912502,-0.00065212115,2.790238,-1.5003792,2.7909343,1.4991632
898,2.7947955,-0.0006508166,2.7937834,-1.5003719,2.7944596,1.4991583
899,2.7983184,-0.0006509904,2.7973013,-1.5003695,2.7980053,1.499151
900,2.8018641,-0.00065196934,2.8008494,-1.5003686,2.801566,1.4991511
901,2.8054137,-0.00065054034,2.8044157,-1.5003693,2.8051074,1.4991498
902,2.8089573,-0.0006497251,2.807955,-1.5003675,2.8086312,1.4991484
903,2.8124795,-0.00065002573,2.8114767,-1.500368,2.812178,1.4991485
904,2.8160264,-0.00065265415,2.8150198,-1.5003705,2.815735,1.4991482
905,2.8195724,-0.00065242575,2.8185954,-1.5003694,2.8192768,1.4991497
906,2.8231175,-0.00065121567,2.8221345,-1.50037,2.8227975,1.4991475
907,2.8266394,-0.0006512315,2.8256602,-1.5003723,2.8263435,1.4991452
908,2.830186,-0.0006528343,2.8292036,-1.5003784,2.8299139,1.4991449
909,2.8337407,-0.00065186754,2.8327625,-1.5003765,2.833454,1.4991431
910,2.837285,-0.0006505899,2.836305,-1.5003775,2.836976,1.4991406
911,2.8408086,-0.0006519728,2.8398294,-1.5003787,2.8405232,1.4991353
912,2.844355,-0.0006525949,2.843375,-1.5003815,2.844092,1.4991363
913,2.8478975,-0.00065235427,2.8469062,-1.5003811,2.8476284,1.4991323
914,2.8514402,-0.0006510603,2.8503976,-1.5003783,2.8511543,1.4991289
915,2.8549614,-0.0006534005,2.8539143,-1.5003774,2.8547006,1.4991224
916,2.8585093,-0.0006569114,2.8574433,-1.500378,2.8582516,1.4991206
917,2.8620617,-0.0006565924,2.8609738,-1.5003779,2.8617954,1.499124
918,2.8656034,-0.0006579063,2.8645177,-1.5003785,2.8653176,1.4991254
919,2.8691285,-0.00065874745,2.8680549,-1.5003767,2.8688629,1.499129
920,2.8726745,-0.00066196546,2.871594,-1.5003773,2.8724084,1.4991286
921,2.8762171,-0.00066168926,2.8751175,-1.5003797,2.8759522,1.4991324
922,2.8797603,-0.00066123833,2.8786628,-1.5003861,2.8794756,1.4991332
923,2.8832836,-0.0006618559,2.882204,-1.5003865,2.8830218,1.4991351
924,2.8868296,-0.00066375494,2.8857467,-1.500384,2.8865757,1.4991356
925,2.8903756,-0.00066311343,2.88927,-1.5003827,2.8901176,1.4991357
926,2.8939188,-0.0006600897,2.8928144,-1.5003817,2.8936427,1.4991347
927,2.8974423,-0.0006618901,2.8963718,-1.5003802,2.897189,1.4991328
928,2.90099,-0.0006620706,2.8999145,-1.5003788,2.9007323,1.4991342
929,2.9045432,-0.00066175556,2.903438,-1.5003799,2.9042752,1.4991351
930,2.9080884,-0.0006621733,2.906984,-1.5003821,2.9077976,1.4991325
931,2.911612,-0.00066301954,2.9105241,-1.5003805,2.9113455,1.4991318
932,2.9151576,-0.00066494325,2.914063,-1.5003802,2.9149086,1.4991332
933,2.918707,-0.0006637316,2.917585,-1.500385,2.91845,1.4991337
934,2.9222505,-0.00066234113,2.9211316,-1.500392,2.9219735,1.4991314
935,2.9257715,-0.0006631227,2.9246747,-1.5003934,2.9255178,1.4991261
936,2.929319,-0.0006653007,2.9282203,-1.5003874,2.9290695,1.4991255
937,2.932866,-0.0006649798,2.931739,-1.5003846,2.9326124,1.4991275
938,2.93641,-0.0006649084,2.9352896,-1.5003808,2.9361365,1.4991257
939,2.9399316,-0.00066591176,2.9388342,-1.5003779,2.9396822,1.4991233
940,2.9434793,-0.0006668764,2.9423807,-1.5003756,2.943233,1.4991238
941,2.947033,-0.00066769763,2.9458992,-1.500378,2.9467764,1.4991242
942,2.9505732,-0.00066656276,2.9494472,-1.5003821,2.9502985,1.4991226
943,2.9540977,-0.00066885335,2.952984,-1.5003842,2.953845,1.4991186
944,2.9576445,-0.0006707257,2.9565213,-1.5003821,2.9573898,1.4991186
945,2.9611824,-0.0006692526,2.9600458,-1.5003821,2.9609334,1.4991205
946,2.964721,-0.00067145744,2.9635887,-1.5003836,2.9644542,1.4991189
947,2.968243,-0.0006771413,2.9671676,-1.5003823,2.9680023,1.499119
948,2.971787,-0.00068390556,2.9707065,-1.500384,2.971555,1.4991194
949,2.9753618,-0.00068134256,2.9742322,-1.5003866,2.9750974,1.4991217
950,2.9789016,-0.00068686024,2.977777,-1.500392,2.9786196,1.4991204
951,2.9824238,-0.00068984635,2.9813433,-1.5003898,2.982168,1.4991181
952,2.9859698,-0.00069314765,2.984882,-1.500395,2.9857085,1.4991173
953,2.9895287,-0.00069652975,2.9884067,-1.500399,2.9892514,1.499119
954,2.9930706,-0.0006907109,2.9919512,-1.5004045,2.9927747,1.4991189
955,2.9965909,-0.00068668375,2.9954987,-1.5004075,2.996322,1.4991196
956,3.0001364,-0.0006809948,2.9990427,-1.500402,2.9998662,1.4991193
957,3.003677,-0.00068100594,3.0025637,-1.5003996,3.0034091,1.499123
958,3.0072203,-0.00067682745,3.0061145,-1.5003971,3.0069299,1.4991217
959,3.010742,-0.00067626,3.0096612,-1.5003968,3.0104797,1.4991225
960,3.0142915,-0.00067686697,3.0132058,-1.5003961,3.0140336,1.4991225
961,3.0178566,-0.00067799387,3.016725,-1.5003997,3.0175776,1.499124
962,3.0213983,-0.00067609665,3.0202749,-1.5004047,3.0210993,1.4991232
963,3.0249202,-0.00067656557,3.0238132,-1.5004072,3.0246477,1.4991215
964,3.0284655,-0.00067804346,3.0273557,-1.500402,3.0281928,1.4991218
965,3.0320477,-0.00067709485,3.0308762,-1.5004001,3.0317357,1.4991208
966,3.0355854,-0.0006793301,3.0344236,-1.5004002,3.0352607,1.4991206
967,3.0391111,-0.00068314996,3.0379922,-1.5003998,3.0388029,1.4991168
968,3.0426571,-0.0006897472,3.0415335,-1.5003986,3.0423706,1.4991176
969,3.0462148,-0.00069024763,3.0450556,-1.5003986,3.0459116,1.4991177
970,3.0497546,-0.00068812224,3.0486014,-1.5004005,3.0494337,1.4991157
971,3.053279,-0.0006877592,3.0521836,-1.5003998,3.05298,1.4991124
972,3.0568256,-0.0006855993,3.0557232,-1.5004004,3.056538,1.4991117
973,3.0603733,-0.0006867965,3.0592484,-1.5004021,3.0600827,1.4991132
974,3.06392,-0.0006839192,3.0627918,-1.5004077,3.0636048,1.4991108
975,3.0674407,-0.00068343594,3.066352,-1.5004071,3.0671523,1.4991072
976,3.0709867,-0.0006811179,3.0698965,-1.5004069,3.0707018,1.4991077
977,3.074546,-0.0006812475,3.073419,-1.5004076,3.0742447,1.4991097
978,3.0780869,-0.0006799361,3.0769637,-1.5004102,3.0777676,1.4991076
979,3.081611,-0.0006803003,3.0805175,-1.5004097,3.081313,1.4991022
980,3.085157,-0.0006818778,3.0840597,-1.5004082,3.084864,1.4991016
981,3.088714,-0.00068140385,3.087584,-1.500408,3.0884068,1.4991034
982,3.0922587,-0.0006813079,3.0911295,-1.5004091,3.091929,1.4991009
983,3.09578,-0.0006838964,3.094671,-1.5004086,3.0954757,1.4990997
984,3.099329,-0.0006841475,3.0982141,-1.500408,3.09903,1.4991001
985,3.1028798,-0.0006830705,3.1017365,-1.5004092,3.1025715,1.4991016
986,3.106422,-0.0006811002,3.105284,-1.500414,3.1060941,1.4991002
987,3.1099463,-0.0006842772,3.108839,-1.500418,3.1096447,1.4990999
988,3.1134942,-0.00068727415,3.1123815,-1.5004127,3.1131907,1.4991003
989,3.1170423,-0.0006879247,3.1158984,-1.5004102,3.1167362,1.4991024
990,3.1205864,-0.0006858683,3.119449,-1.5004091,3.1202576,1.4991
991,3.124108,-0.0006860116,3.1229959,-1.5004086,3.1238062,1.4990987
992,3.1276565,-0.00068540615,3.126538,-1.5004052,3.1273646,1.4990984
993,3.1312015,-0.0006855265,3.1300611,-1.500405,3.1309104,1.4991008
994,3.1347437,-0.00068372337,3.1336071,-1.5004057,3.1344304,1.4991012
995,3.1382678,-0.0006861455,3.1371498,-1.5004058,3.1379786,1.4991015
996,3.141815,-0.00068709423,3.1406922,-1.5004036,3.1415372,1.4991027
997,3.145371,-0.0006869724,3.1442146,-1.500404,3.1450796,1.4991026
998,3.1489158,-0.00068705465,3.1477604,-1.5004073,3.1486037,1.499101
999,3.1524386,-0.00068830856,3.1513178,-1.5004061,3.1521485,1.4990963
1000,3.1559873,-0.00069112465,3.154863,-1.5004048,3.1556973,1.4990972
1001,3.1595337,-0.000690678,3.158386,-1.500405,3.1592383,1.4990945
1002,3.1630757,-0.0006887423,3.1619306,-1.5004072,3.1627617,1.499093
1003,3.1666005,-0.0006912245,3.165475,-1.5004048,3.1663098,1.4990896
1004,3.170148,-0.00069247873,3.1690166,-1.5004028,3.169847,1.4990858
1005,3.1736987,-0.0006923337,3.1725423,-1.5004042,3.1733887,1.4990917
1006,3.177243,-0.0006915665,3.1760893,-1.5004059,3.1769097,1.4990947
1007,3.180766,-0.00069291407,3.1796484,-1.5004059,3.1804566,1.4990985
1008,3.1843133,-0.00069558196,3.1831918,-1.5004042,3.1840067,1.4990984
1009,3.187859,-0.0006978699,3.1867151,-1.5004051,3.1875503,1.4991024
1010,3.1914027,-0.0006954623,3.1902602,-1.5004077,3.1910717,1.499104
1011,3.1949244,-0.000695371,3.1938171,-1.5004078,3.1946194,1.4991081
1012,3.1984708,-0.000694857,3.1973627,-1.5004067,3.1981692,1.499108
1013,3.2020187,-0.0006945797,3.200887,-1.5004069,3.2017133,1.4991119
1014,3.2055619,-0.00069409615,3.2044325,-1.5004079,3.205236,1.4991142
1015,3.2090847,-0.0006978875,3.2079763,-1.5004067,3.2087817,1.4991179
1016,3.2126343,-0.0007004088,3.2115178,-1.5004048,3.2123315,1.4991176
1017,3.2161813,-0.00070135336,3.2150452,-1.5004038,3.2158754,1.499121
1018,3.2197237,-0.00069911836,3.2185884,-1.5004048,3.2193992,1.4991226
1019,3.223246,-0.0006997956,3.2221463,-1.5004033,3.2229462,1.4991255
1020,3.2267926,-0.0007006285,3.2256866,-1.5004023,3.2265036,1.4991246
1021,3.2303276,-0.00070222537,3.22921,-1.500405,3.2300465,1.4991285
1022,3.2338703,-0.00070180226,3.2327611,-1.5004088,3.233569,1.4991286
1023,3.2373936,-0.0007045637,3.2362921,-1.5004132,3.2371142,1.4991294
1024,3.2409372,-0.0007106002,3.2398312,-1.5004078,3.2406769,1.4991293
1025,3.2444909,-0.0007114777,3.2433555,-1.5004059,3.2442172,1.4991308
1026,3.248034,-0.000711014,3.2469,-1.5004019,3.2477393,1.4991292
1027,3.2515576,-0.0007122422,3.2504609,-1.5004022,3.2512882,1.4991297
1028,3.2551029,-0.00071580976,3.2540047,-1.5003998,3.2548518,1.499131
1029,3.2586503,-0.000715235,3.2575266,-1.5004002,3.2583928,1.4991314
1030,3.262192,-0.00071582437,3.261073,-1.5004001,3.261916,1.4991294
1031,3.2657185,-0.0007160093,3.2646313,-1.5004001,3.2654638,1.4991235
1032,3.2692602,-0.00071688707,3.2681763,-1.500399,3.2690182,1.4991225
1033,3.2728305,-0.00071575795,3.2716982,-1.5004004,3.272562,1.4991246
1034,3.276371,-0.000718098,3.275244,-1.5004033,3.2760837,1.4991274
1035,3.2798953,-0.0007217403,3.278784,-1.5004035,3.2796307,1.499131
1036,3.283442,-0.0007284684,3.2823288,-1.5004007,3.2831726,1.4991312
1037,3.2870054,-0.00072956854,3.2858505,-1.500399,3.2867193,1.4991348
1038,3.290546,-0.00072945695,3.2893972,-1.5003965,3.2902403,1.4991341
1039,3.2940702,-0.0007301836,3.2929518,-1.5003959,3.2937875,1.4991335
1040,3.2976148,-0.00073036173,3.296495,-1.5003933,3.2973526,1.4991341
1041,3.3011808,-0.0007304605,3.300018,-1.5003934,3.3008933,1.499135
1042,3.3047209,-0.00073033496,3.303566,-1.5003935,3.304417,1.4991345
1043,3.308244,-0.00073220837,3.307103,-1.5003932,3.3079612,1.4991329
1044,3.3117893,-0.00073496555,3.3106425,-1.5003941,3.311529,1.4991349
1045,3.31536,-0.00073529326,3.3141658,-1.5003983,3.3150685,1.4991344
1046,3.3189,-0.00073839206,3.3177128,-1.5004056,3.318593,1.4991317
1047,3.3224225,-0.0007431665,3.3212554,-1.5004063,3.322138,1.4991267
1048,3.3259692,-0.00075042236,3.324798,-1.5004029,3.325698,1.4991274
1049,3.3295336,-0.0007520076,3.328324,-1.5003992,3.3292375,1.4991244
1050,3.3330734,-0.00074989395,3.3318675,-1.500396,3.3327613,1.4991218
1051,3.3365972,-0.0007496071,3.3354225,-1.5003961,3.3363092,1.4991158
1052,3.3401413,-0.0007488786,3.3389676,-1.5003923,3.339845,1.4991134
1053,3.3437026,-0.0007490852,3.3424892,-1.5003916,3.3433855,1.4991168
1054,3.347244,-0.0007481154,3.3460343,-1.5003893,3.3469095,1.4991183
1055,3.3507662,-0.0007493645,3.3495963,-1.5003887,3.3504565,1.4991198
1056,3.3543115,-0.0007505395,3.3531382,-1.5003886,3.354005,1.4991201
1057,3.3578773,-0.0007502891,3.3566613,-1.5003896,3.3575444,1.4991244
1058,3.361419,-0.00075280305,3.3602068,-1.5003933,3.3610682,1.4991252
1059,3.3649428,-0.0007561175,3.363757,-1.5003933,3.364614,1.4991285
1060,3.3684897,-0.0007636478,3.3673031,-1.5003922,3.3681598,1.4991295
1061,3.3720515,-0.0007654955,3.3708255,-1.5003927,3.3717027,1.4991325
1062,3.375592,-0.0007637115,3.3743725,-1.5003953,3.3752258,1.499132
1063,3.379116,-0.00076430076,3.3779192,-1.5003961,3.3787735,1.4991312
1064,3.382662,-0.0007637286,3.3814633,-1.5003933,3.3823326,1.4991326
1065,3.3862286,-0.00076503184,3.3849857,-1.500393,3.3858778,1.4991345
1066,3.389771,-0.0007634736,3.3885326,-1.5003927,3.389401,1.4991345
1067,3.3932927,-0.0007649409,3.3920796,-1.5003924,3.3929455,1.4991338
1068,3.3968358,-0.0007682886,3.3956227,-1.5003902,3.3964932,1.499136
1069,3.4004147,-0.0007684929,3.399146,-1.5003905,3.400034,1.499138
1070,3.403953,-0.00077095017,3.402692,-1.5003904,3.4035597,1.4991372
1071,3.407478,-0.0007749257,3.4062362,-1.5003897,3.4071047,1.4991336
1072,3.4110227,-0.000782701,3.4097786,-1.5003864,3.410649,1.4991348
1073,3.4145832,-0.0007817336,3.4133034,-1.5003875,3.4141924,1.499137
1074,3.4181244,-0.0007851741,3.4168506,-1.5003867,3.4177167,1.4991345
1075,3.4216478,-0.00079006836,3.4204025,-1.5003872,3.4212599,1.4991308
1076,3.425195,-0.0007970641,3.4239452,-1.5003847,3.4248161,1.4991316
1077,3.4287324,-0.00080006325,3.4274664,-1.500387,3.4283612,1.4991323
1078,3.4322746,-0.000796617,3.4310162,-1.500386,3.431883,1.4991318
1079,3.4357977,-0.0007961568,3.434562,-1.5003844,3.43543,1.4991295
1080,3.439343,-0.00079410954,3.438104,-1.5003814,3.438974,1.4991301
1081,3.4429033,-0.0007947268,3.441629,-1.5003821,3.4425178,1.4991319
1082,3.446446,-0.00079200027,3.4451752,-1.5003806,3.446042,1.4991299
1083,3.4499679,-0.000791918,3.4487307,-1.5003804,3.4495902,1.499129
1084,3.4535131,-0.0007911382,3.4522722,-1.5003805,3.453148,1.4991295
1085,3.4570606,-0.0007914107,3.455797,-1.5003834,3.4566927,1.4991329
1086,3.4606028,-0.00078978064,3.459348,-1.5003848,3.460214,1.4991324
1087,3.4641273,-0.00079321617,3.4628854,-1.5003842,3.463762,1.4991319
1088,3.4676747,-0.0007964481,3.4664283,-1.5003816,3.4673085,1.4991331
1089,3.4712262,-0.0007966142,3.4699502,-1.5003827,3.4708493,1.4991343
1090,3.474769,-0.0007956651,3.4734974,-1.5003852,3.474376,1.4991341
1091,3.478292,-0.00079724495,3.4770389,-1.5003884,3.477918,1.4991311
1092,3.4818392,-0.00080054835,3.4805872,-1.5003827,3.4814742,1.4991322
1093,3.4853806,-0.0008009639,3.4841042,-1.5003804,3.48502,1.4991335
1094,3.4889233,-0.0008034862,3.4876542,-1.5003769,3.4885423,1.4991325
1095,3.492445,-0.00080747204,3.4912062,-1.5003759,3.4920907,1.4991318
1096,3.4959917,-0.0008152714,3.4947517,-1.5003759,3.4956362,1.4991326
1097,3.499546,-0.0008163919,3.4982727,-1.5003787,3.4991758,1.4991329
1098,3.5030928,-0.0008128333,3.5018187,-1.5003853,3.5027053,1.4991343
1099,3.506612,-0.0008126955,3.5053647,-1.500387,3.5062482,1.499134
1100,3.5101619,-0.0008133936,3.5089085,-1.5003825,3.5097857,1.4991354
1101,3.5137067,-0.0008134462,3.5124292,-1.500381,3.51332,1.4991319
1102,3.51725,-0.00081358495,3.5159779,-1.5003786,3.516843,1.4991266
1103,3.520777,-0.00081348774,3.519524,-1.5003791,3.5203853,1.4991211
1104,3.5243204,-0.0008139163,3.5230699,-1.5003768,3.5239735,1.499125
1105,3.5278728,-0.00081363576,3.5265925,-1.5003775,3.5275128,1.4991195
1106,3.5314162,-0.00081290875,3.530137,-1.5003803,3.531034,1.4991158
1107,3.5349386,-0.0008143551,3.5336902,-1.5003808,3.5345802,1.4991097
1108,3.538485,-0.0008158006,3.537231,-1.5003797,3.5381203,1.499109
1109,3.5420315,-0.00081484445,3.5407557,-1.5003799,3.5416634,1.4991124
1110,3.545575,-0.00081609515,3.544302,-1.5003816,3.5451872,1.4991131
1111,3.5491014,-0.00081633014,3.5478384,-1.5003839,3.5487359,1.4991144
1112,3.5526433,-0.00081746274,3.55138,-1.5003811,3.552285,1.4991145
1113,3.5562155,-0.00081615226,3.5549011,-1.5003808,3.5558271,1.4991174
1114,3.5597548,-0.00081744755,3.5584493,-1.5003811,3.5593512,1.4991169
1115,3.563278,-0.0008212005,3.5620117,-1.5003794,3.5628977,1.4991163
1116,3.566825,-0.0008289504,3.5655544,-1.5003788,3.5664394,1.4991156
1117,3.5703862,-0.0008310149,3.569077,-1.5003796,3.5699823,1.4991181
1118,3.5739279,-0.0008300517,3.572624,-1.5003828,3.5735064,1.4991199
1119,3.5774515,-0.000831074,3.5761697,-1.5003859,3.5770504,1.4991213
1120,3.5809958,-0.0008309757,3.5797176,-1.5003808,3.580607,1.4991219
1121,3.5845604,-0.0008318409,3.5832348,-1.500379,3.5841494,1.4991252
1122,3.5881019,-0.0008300091,3.586783,-1.5003781,3.5876744,1.499126
1123,3.5916233,-0.0008316869,3.590345,-1.500377,3.5912192,1.4991275
1124,3.5951674,-0.00083336356,3.5938907,-1.5003759,3.5947702,1.4991281
1125,3.5987391,-0.00083301676,3.5974123,-1.5003781,3.5983145,1.4991317
1126,3.6022792,-0.0008358735,3.6009605,-1.500381,3.6018372,1.4991313
1127,3.6058033,-0.00083984155,3.6045187,-1.5003797,3.6053848,1.4991322
1128,3.6093493,-0.0008464039,3.6080596,-1.5003811,3.6089346,1.499134
1129,3.61291,-0.0008495251,3.6115851,-1.5003827,3.6124775,1.4991359
1130,3.616451,-0.00084738526,3.6151304,-1.5003865,3.616001,1.4991353
1131,3.6199727,-0.00084906106,3.618672,-1.5003867,3.619547,1.4991332
1132,3.6235213,-0.0008505433,3.622213,-1.5003835,3.6230936,1.4991347
1133,3.6270802,-0.0008514632,3.6257362,-1.5003818,3.626636,1.4991362
1134,3.630623,-0.0008493442,3.629283,-1.5003791,3.630161,1.499135
1135,3.634147,-0.00085021765,3.6328251,-1.500379,3.6337078,1.499135
1136,3.637694,-0.00085065316,3.6363668,-1.5003768,3.6372585,1.4991356
1137,3.641238,-0.00085059676,3.6398902,-1.5003772,3.640802,1.4991374
1138,3.64478,-0.00084956456,3.643433,-1.5003783,3.644325,1.4991355
1139,3.6483076,-0.00085184484,3.6469908,-1.5003767,3.6478715,1.4991312
1140,3.6518536,-0.0008552527,3.6505344,-1.5003773,3.6514168,1.4991326
1141,3.6554072,-0.0008556218,3.6540601,-1.5003794,3.6549609,1.4991354
1142,3.6589522,-0.00085543166,3.6576073,-1.5003817,3.6584837,1.4991353
1143,3.6624753,-0.00085667253,3.6611478,-1.5003825,3.6620307,1.499135
1144,3.666021,-0.0008576695,3.664691,-1.5003803,3.665585,1.4991366
1145,3.669565,-0.0008573246,3.6682143,-1.5003794,3.6691294,1.4991378
1146,3.673108,-0.00085935544,3.67176,-1.5003799,3.6726534,1.4991363
1147,3.676634,-0.00086067116,3.675312,-1.5003788,3.6762002,1.4991337
1148,3.6801758,-0.0008652533,3.6788564,-1.5003765,3.6797454,1.4991343
1149,3.6837463,-0.0008648659,3.6823778,-1.5003769,3.6832879,1.4991348
1150,3.6872869,-0.0008659216,3.6859233,-1.5003786,3.686815,1.499136
1151,3.6908104,-0.0008694754,3.6894646,-1.5003791,3.6903574,1.4991362
1152,3.6943548,-0.00087650534,3.6930084,-1.5003788,3.6939132,1.4991379
1153,3.6979098,-0.0008783878,3.6965306,-1.5003804,3.6974564,1.4991391
1154,3.701457,-0.00087892136,3.7000754,-1.5003848,3.7009795,1.4991378
1155,3.7049813,-0.00088128087,3.7036247,-1.5003848,3.704525,1.4991357
1156,3.7085285,-0.0008831768,3.7071695,-1.5003835,3.7080743,1.499139
1157,3.7120788,-0.00088242476,3.7106922,-1.5003836,3.7116141,1.4991393
1158,3.7156205,-0.00088186265,3.7142375,-1.5003853,3.7151403,1.4991403
1159,3.719142,-0.00088461954,3.7177837,-1.5003854,3.7186818,1.4991381
1160,3.7226908,-0.00088682165,3.7213287,-1.5003842,3.7222352,1.4991401
1161,3.726225,-0.00089073635,3.7248502,-1.5003844,3.725777,1.4991424
1162,3.7297623,-0.0008883819,3.7283967,-1.500386,3.7292988,1.4991398
1163,3.7332864,-0.000887195,3.7319484,-1.5003846,3.7328472,1.4991393
1164,3.736832,-0.00088482845,3.7354906,-1.5003827,3.7363968,1.4991398
1165,3.7404056,-0.00088516483,3.7390132,-1.5003834,3.7399402,1.4991426
1166,3.743946,-0.0008865188,3.7425592,-1.5003853,3.7434635,1.4991417
1167,3.74747,-0.00088841695,3.7460978,-1.5003852,3.7470086,1.4991401
1168,3.7510161,-0.0008931035,3.749636,-1.5003862,3.7505646,1.4991422
1169,3.7545898,-0.0008921793,3.7531629,-1.5003892,3.7541068,1.4991444
1170,3.758129,-0.00089755416,3.756705,-1.5003961,3.757629,1.4991423
1171,3.7616525,-0.00090343726,3.7602665,-1.5003935,3.7611778,1.4991417
1172,3.765197,-0.0009110221,3.7638083,-1.5003984,3.7647245,1.4991415
1173,3.7687502,-0.0009135991,3.7673297,-1.5004021,3.76827,1.4991465
1174,3.7722967,-0.0009101977,3.770877,-1.500407,3.7717943,1.4991474
1175,3.7758174,-0.00090888224,3.7744122,-1.500411,3.7753398,1.4991509
1176,3.7793643,-0.00090515765,3.777951,-1.5004069,3.7788923,1.4991509
1177,3.7829068,-0.0009055039,3.7814746,-1.5004046,3.7824373,1.4991539
1178,3.7864516,-0.0009041134,3.7850225,-1.5004011,3.7859585,1.4991534
1179,3.789973,-0.00090501556,3.788571,-1.5004019,3.7895079,1.4991537
1180,3.7935207,-0.0009052017,3.7921169,-1.5003976,3.7930543,1.4991554
1181,3.7970772,-0.0009055572,3.7956364,-1.5003974,3.7965972,1.4991572
1182,3.8006225,-0.00090516394,3.7991867,-1.5003972,3.80012,1.4991556
1183,3.8041456,-0.0009061436,3.802741,-1.5003986,3.803669,1.4991546
1184,3.8076918,-0.0009074224,3.8062885,-1.5003963,3.8072207,1.4991553
1185,3.8112364,-0.0009080077,3.8098078,-1.5003973,3.810765,1.4991577
1186,3.814777,-0.00090756634,3.8133569,-1.5003985,3.8142877,1.4991574
1187,3.8183045,-0.00090866763,3.8169262,-1.5003986,3.817835,1.4991565
1188,3.8218455,-0.0009129917,3.820468,-1.5003982,3.821389,1.499158
1189,3.8254085,-0.0009122968,3.8239892,-1.5004008,3.8249323,1.4991598
1190,3.8289528,-0.0009118861,3.8275352,-1.5004045,3.8284574,1.4991596
1191,3.8324754,-0.0009139675,3.8311112,-1.5004039,3.8320022,1.4991586
1192,3.8360224,-0.0009153537,3.8346505,-1.5004061,3.8355565,1.4991606
1193,3.8395557,-0.0009179596,3.838174,-1.5004094,3.8390996,1.4991623
1194,3.8430924,-0.000919091,3.8417192,-1.5004159,3.8426228,1.4991604
1195,3.846619,-0.0009221812,3.8452864,-1.5004131,3.8461697,1.4991572
1196,3.8501642,-0.0009277937,3.848825,-1.5004189,3.8497179,1.4991593
1197,3.8537374,-0.00092557864,3.8523483,-1.5004231,3.8532596,1.499161
1198,3.8572762,-0.0009328377,3.8558939,-1.5004295,3.856783,1.4991592
1199,3.8607993,-0.00093802,3.8594403,-1.5004325,3.860333,1.4991598
1200,3.8643444,-0.0009444411,3.8629844,-1.5004271,3.8638775,1.499161
1201,3.8678913,-0.00094908243,3.8665073,-1.5004247,3.8674204,1.499163
1202,3.871436,-0.0009445749,3.8700542,-1.5004197,3.8709414,1.4991614
1203,3.8749578,-0.00094356656,3.8736036,-1.5004196,3.8744922,1.4991628
1204,3.878505,-0.00094032194,3.8771484,-1.5004169,3.8780417,1.4991632
1205,3.882053,-0.0009416203,3.8806703,-1.5004177,3.8815863,1.4991665
1206,3.8855982,-0.0009400673,3.8842185,-1.5004185,3.8851082,1.4991659
1207,3.8891194,-0.00094056886,3.8877735,-1.5004169,3.8886557,1.4991652
1208,3.8926666,-0.0009400358,3.8913174,-1.5004154,3.8922086,1.4991661
1209,3.8962247,-0.00094192603,3.8948405,-1.5004158,3.8957505,1.4991682
1210,3.8997662,-0.000940862,3.8983877,-1.5004189,3.899273,1.4991674
1211,3.9032874,-0.00094393943,3.9019275,-1.5004212,3.9028225,1.499167
1212,3.9068344,-0.0009462043,3.905471,-1.5004185,3.9063714,1.4991667
1213,3.9103913,-0.0009464434,3.9089923,-1.500419,3.909914,1.4991686
1214,3.9139347,-0.00094589754,3.9125378,-1.5004199,3.9134383,1.4991679
1215,3.9174564,-0.0009491127,3.9160988,-1.5004193,3.9169862,1.4991684
1216,3.9210067,-0.0009487432,3.9196436,-1.500417,3.920546,1.4991705
1217,3.9245532,-0.00094855024,3.9231653,-1.5004181,3.9240909,1.4991724
1218,3.9280963,-0.0009463383,3.9267128,-1.5004202,3.9276118,1.4991711
1219,3.9316206,-0.0009480048,3.9302516,-1.5004232,3.9311614,1.4991714
1220,3.935168,-0.0009482766,3.933795,-1.5004203,3.9347138,1.4991733
1221,3.93872,-0.00094977237,3.9373198,-1.5004188,3.9382582,1.4991745
1222,3.9422674,-0.00094710407,3.9408646,-1.5004177,3.9417782,1.4991726
1223,3.9457877,-0.00094803196,3.9444356,-1.5004163,3.9453287,1.4991745
1224,3.9493368,-0.0009478637,3.9479733,-1.5004168,3.948878,1.4991757
1225,3.9528837,-0.0009489839,3.951499,-1.5004196,3.9524205,1.4991772
1226,3.956426,-0.0009471873,3.9550414,-1.5004255,3.9559438,1.4991763
1227,3.959949,-0.0009478628,3.958594,-1.5004255,3.959488,1.4991757
1228,3.9634955,-0.00094816077,3.9621346,-1.5004262,3.9630346,1.4991769
1229,3.967044,-0.0009479058,3.96566,-1.5004292,3.9665768,1.4991804
1230,3.9705865,-0.000946624,3.96921,-1.5004299,3.970103,1.4991801
1231,3.9741113,-0.00094860664,3.9727507,-1.5004301,3.9736485,1.4991819
1232,3.9776573,-0.000950552,3.976293,-1.5004268,3.9771984,1.4991832
1233,3.9812124,-0.000950785,3.9798193,-1.5004271,3.9807417,1.499185
1234,3.9847546,-0.0009499608,3.9833632,-1.5004257,3.9842658,1.4991833
1235,3.988278,-0.0009515047,3.9869027,-1.500426,3.9878142,1.4991789
1236,3.9918232,-0.00095382787,3.9904418,-1.5004265,3.9913564,1.4991767
1237,3.9953635,-0.00095450605,3.993965,-1.5004296,3.9949005,1.4991837
1238,3.998903,-0.0009587482,3.9975095,-1.5004355,3.9984221,1.4991881
1239,4.0024266,-0.0009647036,4.0010653,-1.5004358,4.001971,1.4991939
1240,4.0059733,-0.00097275875,4.004613,-1.500435,4.0055118,1.4991984
1241,4.0095205,-0.00097528484,4.008136,-1.5004355,4.009056,1.4991955
1242,4.013064,-0.0009731752,4.0116806,-1.5004374,4.0125813,1.4991927
1243,4.016588,-0.00097173423,4.0152307,-1.5004367,4.0161247,1.4991863
1244,4.020134,-0.00097071554,4.0187745,-1.5004352,4.019674,1.4991869
1245,4.0236773,-0.0009727184,4.022298,-1.5004358,4.0232177,1.49919
1246,4.0272202,-0.0009698751,4.0258436,-1.500437,4.0267386,1.49919
1247,4.0307426,-0.0009699501,4.029388,-1.5004356,4.0302877,1.4991901
1248,4.0342903,-0.00096768397,4.03293,-1.5004344,4.033839,1.4991919
1249,4.03784,-0.00096809346,4.0364556,-1.5004361,4.0373816,1.4991947
1250,4.041383,-0.0009662695,4.039999,-1.5004379,4.040904,1.4991937
1251,4.044906,-0.00096933765,4.0435543,-1.5004367,4.0444555,1.4991932
1252,4.0484543,-0.0009723095,4.047098,-1.5004365,4.047996,1.4991932
1253,4.0520034,-0.00097291515,4.05062,-1.5004388,4.051535,1.4991946
1254,4.055548,-0.00097397796,4.05417,-1.5004396,4.055057,1.4991925
1255,4.0590706,-0.00097519415,4.0577116,-1.5004398,4.0586042,1.4991934
1256,4.0626163,-0.0009777158,4.0612555,-1.5004371,4.062184,1.4991937
1257,4.0661674,-0.0009780887,4.0647793,-1.5004404,4.0657244,1.4991966
1258,4.069711,-0.0009768839,4.0683265,-1.5004445,4.069247,1.4991952
1259,4.073232,-0.0009786374,4.07188,-1.5004448,4.0727882,1.4991921
1260,4.07678,-0.0009800218,4.075426,-1.5004451,4.076371,1.4991933
1261,4.080325,-0.0009809625,4.078949,-1.5004473,4.079911,1.4991922
1262,4.0838685,-0.0009814749,4.0824986,-1.5004478,4.083435,1.4991902
1263,4.0873933,-0.0009843307,4.086047,-1.5004481,4.0869813,1.4991848
1264,4.090939,-0.0009855803,4.0895896,-1.5004451,4.0905404,1.4991874
1265,4.094508,-0.0009857374,4.093113,-1.5004444,4.094081,1.4991856
1266,4.09805,-0.0009857075,4.096659,-1.5004447,4.0976043,1.4991851
1267,4.101569,-0.0009893331,4.100199,-1.500444,4.101154,1.4991848
1268,4.105117,-0.000994287,4.1037407,-1.5004447,4.10469,1.4991838
1269,4.1086745,-0.0009978085,4.1072645,-1.5004486,4.1082273,1.4991858
1270,4.112222,-0.0009956274,4.11081,-1.5004557,4.1117506,1.4991847
1271,4.1157417,-0.0009969384,4.114362,-1.500456,4.1152935,1.4991834
1272,4.119291,-0.0009972246,4.117903,-1.5004547,4.118877,1.4991848
1273,4.122847,-0.000997338,4.121427,-1.5004557,4.1224146,1.4991837
1274,4.126392,-0.0009977984,4.1249757,-1.5004574,4.1259394,1.4991803
1275,4.1299148,-0.0009997211,4.12852,-1.5004559,4.1294856,1.4991752
1276,4.1334624,-0.0010022391,4.132062,-1.5004549,4.133042,1.4991746
1277,4.1370053,-0.0010026178,4.1355886,-1.5004557,4.1365843,1.4991797
1278,4.140547,-0.0010027448,4.1391296,-1.50046,4.140106,1.4991822
1279,4.1440754,-0.0010043957,4.1426907,-1.5004594,4.143654,1.499187
1280,4.147618,-0.0010080355,4.1462345,-1.5004596,4.147198,1.4991877
1281,4.1511793,-0.0010089686,4.1497583,-1.5004617,4.1507454,1.4991935
1282,4.1547217,-0.0010115525,4.1533036,-1.5004655,4.1542635,1.499195
1283,4.158247,-0.0010145745,4.1568513,-1.5004681,4.1578126,1.499196
1284,4.1617923,-0.0010210022,4.160395,-1.5004652,4.161373,1.4991968
1285,4.165336,-0.0010217445,4.163918,-1.5004646,4.164915,1.4991976
1286,4.1688757,-0.0010229673,4.1674643,-1.5004647,4.1684375,1.4991981
1287,4.1724076,-0.0010252539,4.1710095,-1.5004642,4.171983,1.4991965
1288,4.1759486,-0.0010296461,4.1745524,-1.5004623,4.175555,1.4991992
1289,4.1795053,-0.0010296265,4.178079,-1.5004642,4.1790957,1.4991983
1290,4.1830506,-0.0010305144,4.1816235,-1.5004662,4.182619,1.4991959
1291,4.1865735,-0.0010330485,4.185175,-1.5004655,4.186165,1.49919
1292,4.1901207,-0.0010353368,4.1887164,-1.5004635,4.189733,1.4991926
1293,4.193659,-0.0010361241,4.1922407,-1.5004646,4.1932735,1.4991889
1294,4.1972003,-0.0010357683,4.195787,-1.5004658,4.1967945,1.4991851
1295,4.2007213,-0.0010397076,4.1993227,-1.5004658,4.2003407,1.4991815
1296,4.20427,-0.0010448345,4.20286,-1.5004679,4.203898,1.4991794
1297,4.207812,-0.0010472334,4.2063856,-1.5004723,4.2074404,1.4991862
1298,4.211355,-0.0010454524,4.2099314,-1.5004793,4.2109613,1.4991893
1299,4.2148805,-0.0010463025,4.2134895,-1.5004814,4.2145095,1.4991946
1300,4.218427,-0.0010462367,4.2170324,-1.5004778,4.218055,1.499195
1301,4.2219963,-0.0010468812,4.2205544,-1.5004768,4.2216005,1.499201
1302,4.225537,-0.0010462981,4.2241015,-1.5004768,4.225122,1.4992032
1303,4.2290583,-0.0010502406,4.227663,-1.5004759,4.2286706,1.4992077
1304,4.2326016,-0.0010558222,4.2312045,-1.5004755,4.232223,1.499208
1305,4.2361593,-0.0010576053,4.2347255,-1.5004766,4.235766,1.4992132
1306,4.2397046,-0.0010571739,4.2382727,-1.5004809,4.239288,1.4992157
1307,4.2432265,-0.0010592431,4.241826,-1.5004851,4.242835,1.4992204
1308,4.246775,-0.0010623527,4.245372,-1.5004792,4.2463927,1.4992206
1309,4.250318,-0.0010627403,4.2488894,-1.5004758,4.249937,1.4992269
1310,4.253859,-0.0010626054,4.2524395,-1.5004696,4.253456,1.499231
1311,4.257386,-0.001063545,4.2559814,-1.5004661,4.2570043,1.4992366
1312,4.2609296,-0.001066269,4.2595267,-1.5004714,4.260555,1.499238
1313,4.26448,-0.0010672606,4.263046,-1.5004768,4.2640963,1.4992404
1314,4.2680244,-0.0010678748,4.2665944,-1.5004826,4.2676225,1.4992418
1315,4.2715473,-0.0010704189,4.2701254,-1.5004878,4.2711673,1.4992452
1316,4.275093,-0.0010751509,4.273662,-1.5004843,4.274721,1.4992476
1317,4.2786427,-0.0010747277,4.2771854,-1.500485,4.278261,1.4992492
1318,4.2821827,-0.0010771393,4.280726,-1.5004855,4.2817855,1.4992489
1319,4.2857056,-0.0010800639,4.28432,-1.500487,4.2853317,1.4992472
1320,4.2892556,-0.0010867841,4.2878594,-1.5004858,4.2888675,1.4992484
1321,4.2927856,-0.0010907787,4.291382,-1.5004874,4.2924,1.499246
1322,4.2963347,-0.0010891722,4.294928,-1.5004909,4.2959237,1.4992423
1323,4.29985,-0.0010885336,4.2984967,-1.5004934,4.299468,1.4992381
1324,4.3033996,-0.001087972,4.3020396,-1.5004916,4.3030453,1.4992394
1325,4.306939,-0.0010882778,4.305562,-1.5004903,4.306586,1.4992398
1326,4.3105516,-0.0010889699,4.3091083,-1.500488,4.31011,1.4992393
1327,4.314093,-0.0010882256,4.312677,-1.5004889,4.313655,1.4992381
1328,4.317615,-0.0010902423,4.3162184,-1.5004872,4.3172154,1.4992412
1329,4.32116,-0.0010929566,4.3197403,-1.5004872,4.320753,1.4992414
1330,4.3247294,-0.0010936686,4.323283,-1.500489,4.324276,1.4992394
1331,4.3282714,-0.0010934504,4.326857,-1.5004885,4.3278246,1.4992346
1332,4.331791,-0.0010974573,4.3303957,-1.5004916,4.331365,1.4992328
1333,4.335339,-0.0011021128,4.3339205,-1.5004953,4.334909,1.4992402
1334,4.3388934,-0.0011084004,4.337465,-1.500502,4.3384304,1.4992446
1335,4.3424387,-0.0011033155,4.341027,-1.5005014,4.3419766,1.4992499
1336,4.3459573,-0.0011029431,4.3445673,-1.500504,4.345522,1.4992512
1337,4.3495083,-0.0011032057,4.348093,-1.5005065,4.3490667,1.4992557
1338,4.353061,-0.00110616,4.351638,-1.5005121,4.352589,1.499257
1339,4.3566065,-0.0011044642,4.35519,-1.5005103,4.3561378,1.4992604
1340,4.3601265,-0.00110791,4.3587284,-1.5005122,4.3596864,1.4992613
1341,4.3636737,-0.0011099442,4.362255,-1.5005147,4.3632293,1.4992657
1342,4.367236,-0.0011112468,4.365803,-1.5005208,4.3667502,1.499266
1343,4.370779,-0.0011107792,4.369333,-1.5005238,4.3702974,1.4992677
1344,4.3743014,-0.0011131202,4.3728695,-1.5005233,4.3738475,1.4992687
1345,4.377844,-0.0011173465,4.3763933,-1.5005242,4.3773894,1.4992728
1346,4.3814054,-0.0011182181,4.3799396,-1.5005242,4.380913,1.4992733
1347,4.3849487,-0.0011188192,4.383506,-1.5005226,4.38446,1.4992746
1348,4.388471,-0.001120974,4.387048,-1.500523,4.388009,1.4992756
1349,4.392016,-0.0011248374,4.39057,-1.5005268,4.391553,1.4992791
1350,4.395555,-0.0011257527,4.394114,-1.5005326,4.3950768,1.4992789
1351,4.3990946,-0.0011296764,4.3976784,-1.5005324,4.398625,1.4992781
1352,4.402618,-0.0011361472,4.4012218,-1.5005339,4.402172,1.4992794
1353,4.406165,-0.0011446025,4.404743,-1.5005373,4.405718,1.4992825
1354,4.4097147,-0.001148223,4.4082904,-1.5005409,4.4092402,1.4992814
1355,4.413256,-0.0011451718,4.41185,-1.5005393,4.412787,1.4992801
1356,4.416779,-0.0011443219,4.415393,-1.5005431,4.4163437,1.4992807
1357,4.4203267,-0.0011422088,4.418916,-1.5005469,4.41989,1.4992841
1358,4.4238696,-0.001143984,4.422463,-1.5005538,4.4234114,1.4992856
1359,4.4274144,-0.0011401081,4.426013,-1.5005543,4.426957,1.4992883
1360,4.4309344,-0.0011393363,4.429556,-1.5005516,4.430515,1.4992886
1361,4.434482,-0.001137715,4.4330773,-1.500551,4.4340596,1.4992923
1362,4.4380403,-0.001139058,4.436627,-1.5005512,4.437583,1.4992934
1363,4.4415846,-0.0011380056,4.4401712,-1.5005506,4.4411287,1.4992964
1364,4.445106,-0.0011393423,4.4437156,-1.5005475,4.444685,1.4992986
1365,4.4486527,-0.0011402277,4.4472365,-1.50055,4.448229,1.4993005
1366,4.4522233,-0.0011403714,4.4507856,-1.5005515,4.451751,1.499301
1367,4.4557667,-0.0011418212,4.4543314,-1.5005517,4.455297,1.4992992
1368,4.4592867,-0.0011458971,4.457874,-1.5005502,4.4588447,1.4993013
1369,4.4628334,-0.0011518998,4.4613996,-1.5005519,4.4623895,1.4993025
1370,4.466394,-0.0011543068,4.4649444,-1.5005552,4.4659123,1.4993025
1371,4.4699373,-0.0011523162,4.4685,-1.500555,4.469462,1.4993045
1372,4.4734597,-0.001152557,4.472045,-1.5005546,4.473022,1.4993061
1373,4.477006,-0.0011510788,4.475567,-1.500557,4.476564,1.4993069
1374,4.480566,-0.0011526697,4.479117,-1.5005602,4.480086,1.4993055
1375,4.4841084,-0.0011514983,4.482656,-1.5005603,4.4836345,1.4993019
1376,4.487631,-0.0011534968,4.4862003,-1.5005587,4.487187,1.4993016
1377,4.4911757,-0.0011558576,4.489722,-1.5005606,4.4907317,1.4993062
1378,4.4947457,-0.0011562953,4.4932675,-1.5005641,4.4942527,1.4993091
1379,4.498287,-0.0011587696,4.49681,-1.5005661,4.4978,1.4993151
1380,4.501807,-0.0011649779,4.5003552,-1.5005628,4.5013466,1.499316
1381,4.5053544,-0.0011712637,4.503876,-1.5005622,4.5048914,1.499322
1382,4.508911,-0.0011745187,4.507421,-1.5005616,4.508414,1.4993256
1383,4.5124545,-0.0011708044,4.510984,-1.5005597,4.511962,1.4993304
1384,4.5159774,-0.001170517,4.5145273,-1.5005599,4.515518,1.4993306
1385,4.519525,-0.0011690006,4.5180516,-1.5005625,4.519065,1.4993368
1386,4.523072,-0.0011699424,4.521596,-1.5005678,4.5225844,1.4993392
1387,4.5266156,-0.0011666791,4.525154,-1.5005678,4.526133,1.499345
1388,4.5301375,-0.0011669492,4.5286984,-1.5005654,4.5296936,1.4993463
1389,4.5336847,-0.0011652089,4.53222,-1.5005655,4.5332384,1.4993513
1390,4.5372295,-0.0011659401,4.5357666,-1.5005661,4.536759,1.4993516
1391,4.5407763,-0.0011662111,4.5393023,-1.5005661,4.5403066,1.4993532
1392,4.5442963,-0.001169301,4.5428376,-1.5005689,4.5438833,1.4993558
1393,4.547845,-0.0011747212,4.546361,-1.5005753,4.547423,1.4993576
1394,4.5513883,-0.0011798157,4.5499063,-1.5005813,4.550945,1.4993551
1395,4.5549335,-0.0011744865,4.553488,-1.5005813,4.554489,1.4993511
1396,4.5584526,-0.0011726792,4.557026,-1.5005832,4.558053,1.4993544
1397,4.562,-0.0011694577,4.56055,-1.5005832,4.5615954,1.499352
1398,4.5655465,-0.0011677967,4.564094,-1.5005839,4.565118,1.4993495
1399,4.56909,-0.0011718235,4.5676556,-1.5005817,4.568663,1.4993459
1400,4.5726123,-0.0011764995,4.571199,-1.5005811,4.5722146,1.4993455
1401,4.576161,-0.0011836065,4.574721,-1.5005842,4.5757604,1.4993507
1402,4.5796947,-0.0011894628,4.5782695,-1.5005895,4.579281,1.499354
1403,4.583236,-0.0011861715,4.581813,-1.500592,4.582832,1.4993565
1404,4.586758,-0.0011860076,4.585357,-1.5005879,4.586379,1.4993577
1405,4.590306,-0.0011873596,4.5888815,-1.5005845,4.589923,1.4993609
1406,4.5938687,-0.0011875379,4.592425,-1.5005802,4.5934424,1.4993582
1407,4.597411,-0.0011880823,4.5959826,-1.5005815,4.5969934,1.4993588
1408,4.6009336,-0.0011911575,4.599528,-1.5005777,4.600539,1.4993613
1409,4.6044807,-0.0011969537,4.6030483,-1.5005776,4.6040826,1.4993625
1410,4.6080403,-0.0011978584,4.606595,-1.5005746,4.607609,1.4993639
1411,4.6115813,-0.001200544,4.610166,-1.5005754,4.611151,1.4993651
1412,4.6151056,-0.0012042266,4.613709,-1.500573,4.6147175,1.4993674
1413,4.618654,-0.0012101599,4.6172304,-1.5005736,4.6182566,1.4993678
1414,4.6221967,-0.0012147108,4.6207743,-1.5005748,4.6217794,1.4993656
1415,4.625742,-0.0012091715,4.624353,-1.5005751,4.625326,1.4993638
1416,4.629263,-0.0012063055,4.6278934,-1.5005776,4.62889,1.4993615
1417,4.6328087,-0.0012033619,4.6314163,-1.5005814,4.6324334,1.4993697
1418,4.636363,-0.0012056094,4.6349616,-1.5005882,4.635949,1.4993736
1419,4.639909,-0.0012030276,4.6385217,-1.5005859,4.6394987,1.4993755
1420,4.6434298,-0.0012028024,4.642062,-1.5005907,4.6430583,1.4993757
1421,4.6469765,-0.0011988486,4.645586,-1.5005939,4.6465993,1.4993804
1422,4.650533,-0.0012000473,4.649132,-1.5005994,4.650119,1.4993799
1423,4.6540775,-0.0011980829,4.6526694,-1.5006028,4.653668,1.4993796
1424,4.6575994,-0.0011982258,4.656211,-1.5005969,4.657225,1.4993794
1425,4.661146,-0.0011976182,4.6597323,-1.5005941,4.660768,1.4993819
1426,4.664697,-0.0011980945,4.6632786,-1.5005904,4.6642895,1.4993839
1427,4.6682415,-0.0011965458,4.666824,-1.5005907,4.6678367,1.499386
1428,4.6717644,-0.001198013,4.6703706,-1.5005841,4.671402,1.4993883
1429,4.675314,-0.0011993467,4.6738906,-1.5005809,4.6749425,1.4993896
1430,4.6788588,-0.0012000764,4.677437,-1.5005763,4.6784663,1.4993883
1431,4.682405,-0.0011993246,4.6809864,-1.5005729,4.68201,1.4993854
1432,4.6859274,-0.0012001978,4.684531,-1.5005772,4.685566,1.4993839
1433,4.6894717,-0.0012019563,4.6880536,-1.5005811,4.689113,1.4993898
1434,4.693024,-0.0012023117,4.691601,-1.5005885,4.692633,1.4993923
1435,4.6965675,-0.0012009986,4.6951294,-1.5005908,4.6961827,1.4993939
1436,4.7000895,-0.0012027983,4.6986713,-1.5005907,4.6997385,1.4993964
1437,4.703636,-0.0012038709,4.7021923,-1.5005945,4.7032843,1.4993982
1438,4.707178,-0.0012050186,4.705735,-1.500595,4.706807,1.499399
1439,4.7107215,-0.0012052595,4.709328,-1.5005933,4.7103534,1.4993988
1440,4.714245,-0.001207183,4.712866,-1.5005972,4.713899,1.4994007
1441,4.717791,-0.0012114976,4.7163916,-1.5006021,4.7174425,1.4994041
1442,4.7213435,-0.001213839,4.7199388,-1.5006089,4.720963,1.4994029
1443,4.7248855,-0.001213512,4.7234898,-1.500611,4.724512,1.4994042
1444,4.7284083,-0.0012174718,4.727036,-1.5006063,4.728062,1.4994066
1445,4.731957,-0.001220794,4.730555,-1.5006046,4.731604,1.4994098
1446,4.735494,-0.001222608,4.7341056,-1.5006034,4.7351274,1.4994092
1447,4.7390323,-0.0012256375,4.7376533,-1.5006036,4.7386746,1.4994069
1448,4.742557,-0.0012312722,4.7411947,-1.5006008,4.7422237,1.4994086
1449,4.7461023,-0.0012385153,4.7447176,-1.5006014,4.745766,1.4994099
1450,4.7496576,-0.0012414082,4.7482634,-1.5006025,4.7492876,1.4994091
1451,4.7532034,-0.0012392465,4.7518024,-1.5006031,4.752836,1.4994062
1452,4.7567234,-0.00124093,4.755344,-1.5006026,4.7563825,1.4994051
1453,4.7602725,-0.0012431979,4.758866,-1.5006063,4.7599254,1.4994115
1454,4.763817,-0.0012445715,4.7624125,-1.5006127,4.763444,1.4994161
1455,4.7673616,-0.001241962,4.7659535,-1.5006158,4.766991,1.4994224
1456,4.770887,-0.00124059,4.769498,-1.5006111,4.7705374,1.4994239
1457,4.77443,-0.0012381652,4.7730203,-1.5006104,4.7740817,1.4994297
1458,4.7779903,-0.0012406424,4.776568,-1.5006062,4.777603,1.4994329
1459,4.7815332,-0.0012396444,4.7801094,-1.5006058,4.781151,1.499438
1460,4.7850547,-0.0012406856,4.7836566,-1.5006026,4.7847033,1.4994392
1461,4.7885995,-0.0012400467,4.7871776,-1.5006026,4.7882485,1.4994465
1462,4.7921634,-0.0012409085,4.7907224,-1.5006006,4.7917666,1.499449
1463,4.795706,-0.0012417715,4.7942815,-1.5006022,4.795318,1.4994496
1464,4.799227,-0.0012454301,4.7978263,-1.5006003,4.798869,1.49945
1465,4.8027763,-0.0012508362,4.8013473,-1.5006009,4.8024154,1.4994539
1466,4.8063183,-0.0012540859,4.804893,-1.500603,4.8059387,1.4994543
1467,4.8098593,-0.0012529861,4.808451,-1.5006027,4.8094835,1.4994539
1468,4.813381,-0.0012548978,4.811993,-1.500601,4.8130445,1.499455
1469,4.816929,-0.0012566717,4.815516,-1.5006031,4.816588,1.4994591
1470,4.8205004,-0.0012566322,4.819065,-1.500603,4.82011,1.4994589
1471,4.824043,-0.0012570164,4.822603,-1.5006025,4.8236566,1.4994582
1472,4.827564,-0.0012612706,4.8261437,-1.5006043,4.827214,1.4994596
1473,4.831108,-0.0012685439,4.8296657,-1.5006092,4.8307595,1.4994638
1474,4.8346715,-0.0012704487,4.833213,-1.5006169,4.834281,1.499464
1475,4.838215,-0.0012700012,4.8367624,-1.5006175,4.8378286,1.499464
1476,4.8417344,-0.0012733117,4.840305,-1.5006149,4.8413706,1.4994642
1477,4.845283,-0.0012784959,4.8438277,-1.5006138,4.844915,1.4994702
1478,4.8488345,-0.0012824102,4.8473763,-1.5006148,4.848439,1.4994746
1479,4.8523808,-0.0012797113,4.850916,-1.5006144,4.8519845,1.4994811
1480,4.855901,-0.0012799571,4.854457,-1.5006131,4.8555408,1.4994814
1481,4.8594494,-0.0012778623,4.857977,-1.5006163,4.859088,1.4994873
1482,4.862994,-0.0012775846,4.861526,-1.5006198,4.862609,1.4994901
1483,4.866541,-0.0012791764,4.8650546,-1.500624,4.866156,1.4994948
1484,4.87006,-0.0012826363,4.8686147,-1.5006188,4.869717,1.499496
1485,4.8736115,-0.0012880629,4.8721366,-1.5006202,4.8732605,1.4994997
1486,4.877159,-0.0012942203,4.8756676,-1.5006202,4.8767834,1.4994998
1487,4.8807063,-0.001289015,4.8792133,-1.5006229,4.8803267,1.4994998
1488,4.8842235,-0.0012885586,4.882748,-1.5006223,4.883896,1.4995004
1489,4.887772,-0.0012889906,4.88631,-1.5006225,4.887436,1.4995046
1490,4.8913245,-0.0012907622,4.889833,-1.5006229,4.8909583,1.4995054
1491,4.894866,-0.001289844,4.8933663,-1.5006224,4.8945036,1.4995049
1492,4.898387,-0.0012934522,4.8969088,-1.5006237,4.898077,1.4995056
1493,4.901935,-0.0012942515,4.900442,-1.500622,4.901621,1.4995066
